<?xml version="1.0" encoding="UTF-8"?>
<ModelRepository xmlns:vt="http://com.vitria.modeling.repository/persistent" xmlns:vtadm="http://com.vitria.modeling.repository/tenant/admin" xmlns:vti="http://com.vitria.modeling.repository/internal" xmlns:vtui="http://m3oui.vitria.com" xmlns:vtuser="http://com.vitria.modeling.repository/tenant/user" m3oversion="3.2.0.0">
<Project>
<Properties _version="3.2.0.0" modelDescription="" vt:lastDate="2010-11-15T15:06:02.036+08:00" vt:lastUser="vtbaadmin" vt:name="timer" vtui:flags="31" vtui:hidden="false"/>
<Model name="event" path="event">
<Properties _modelType="schema.event" _tr__variables="{http://schema.vitria.com/model}EMFEventContext{XSDELEMENT}" isValid="true" schema.property.supportqualified="true" vt:lastDate="2010-11-15T15:07:30.004+08:00" vt:lastUser="vtbaadmin" vt:name="event" vtui:BE="8ac177fe-3379-47c1-9a1c-6c5d44985260" vtui:category="Event" vtui:flags="31" vtui:lcStatus="Validated"/>
<ModelContent fileref="ModelContentFile0" name="forms"/>
<ModelContent fileref="ModelContentFile1" name="variables"/>
<ModelContent fileref="ModelContentFile2" name="groupfield"/>
</Model>
<Model name="feed" path="feed">
<Properties _modelType="feed" isValid="true" vt:lastDate="2010-11-15T15:08:00.457+08:00" vt:lastUser="vtbaadmin" vt:name="feed" vtui:BE="8ac177fe-3379-47c1-9a1c-6c5d44985260" vtui:category="Feed" vtui:event="event" vtui:eventArchive="NONE" vtui:feedState="NONE" vtui:flags="31" vtui:historic="false" vtui:kind="ENTERPRISE" vtui:lcStatus="Validated" vtui:outbound="NONE"/>
<ModelContent fileref="ModelContentFile3" name="feed.definition"/>
</Model>
<Model name="process" path="process">
<Properties _modelType="process" _mr__bpmn="3fdf85ae-f6fb-4398-b16e-063d075531b4" _tr__bpmn="{http://schema.vitria.com/model}EMFEventContext{XSDELEMENT}" isValid="true" schema.event.type="event" vt:lastDate="2010-11-15T15:09:51.675+08:00" vt:lastUser="vtbaadmin" vt:name="process" vtui:BE="8ac177fe-3379-47c1-9a1c-6c5d44985260" vtui:businessStep="false" vtui:category="Resolution" vtui:flags="31" vtui:lcStatus="Validated"/>
<ModelContent fileref="ModelContentFile4" name="bpmn.usertask"/>
<ModelContent fileref="ModelContentFile5" name="bpmn.ui"/>
<ModelContent fileref="ModelContentFile6" name="bpmn.condition"/>
<ModelContent fileref="ModelContentFile7" name="bpmn"/>
<ModelContent fileref="ModelContentFile8" name="bpmn.simulation.report"/>
<ModelContent fileref="ModelContentFile9" name="bpmn.simulation"/>
</Model>
<Folder name="_System" path="_System">
<Properties vt:lastDate="2010-11-15T15:05:58.536+08:00" vt:lastUser="vtbaadmin" vt:name="_System" vtui:BE="8ac177fe-3379-47c1-9a1c-6c5d44985260" vtui:flags="31" vtui:hidden="true"/>
<Folder name="Workgroup" path="_System/Workgroup">
<Properties releasable="false" vt:lastDate="2010-11-15T15:05:58.567+08:00" vt:lastUser="vtbaadmin" vt:name="Workgroup" vtui:BE="8ac177fe-3379-47c1-9a1c-6c5d44985260" vtui:flags="31"/>
</Folder>
<Folder name="Server" path="_System/Server">
<Properties releasable="false" vt:lastDate="2010-11-15T15:05:58.598+08:00" vt:lastUser="vtbaadmin" vt:name="Server" vtui:BE="8ac177fe-3379-47c1-9a1c-6c5d44985260" vtui:flags="31"/>
<Folder name="M3O" path="_System/Server/M3O">
<Properties vt:lastDate="2010-11-15T15:05:58.614+08:00" vt:lastUser="vtbaadmin" vt:name="M3O" vtui:BE="8ac177fe-3379-47c1-9a1c-6c5d44985260" vtui:flags="16"/>
<Model name="Deployment" path="_System/Server/M3O/Deployment">
<Properties _modelType="deployment" isSandbox="true" vt:lastDate="2010-11-15T15:07:03.660+08:00" vt:lastUser="vtbaadmin" vt:name="Deployment" vtui:BE="8ac177fe-3379-47c1-9a1c-6c5d44985260" vtui:category="M3O" vtui:flags="31" vtui:lcStatus="Validated"/>
<ModelContent fileref="ModelContentFile10" name="workgroups"/>
<ModelContent fileref="ModelContentFile11" name="serverConfig"/>
</Model>
</Folder>
</Folder>
<Folder name="Workflow" path="_System/Workflow">
<Properties vt:lastDate="2010-11-15T15:05:58.817+08:00" vt:lastUser="vtbaadmin" vt:name="Workflow" vtui:BE="8ac177fe-3379-47c1-9a1c-6c5d44985260" vtui:flags="31"/>
<Model name="WorkflowPage" path="_System/Workflow/WorkflowPage">
<Properties _modelType="page" embed="false" icon="check-policy" refresh="true" vt:lastDate="2010-11-15T15:05:58.926+08:00" vt:lastUser="vtbaadmin" vt:name="WorkflowPage" vtui:BE="8ac177fe-3379-47c1-9a1c-6c5d44985260" vtui:category="Page" vtui:flags="32" vtui:lcStatus="Validated"/>
<ModelContent classname="[B" fileref="ModelContentFile12" name="snapshot"/>
<ModelContent fileref="ModelContentFile13" name="actionToolsModel"/>
<ModelContent fileref="ModelContentFile14" name="actionRulesModel"/>
<ModelContent fileref="ModelContentFile15" name="pageModel"/>
</Model>
<Model name="WorkflowApp" path="_System/Workflow/WorkflowApp">
<Properties _modelType="app.view" vt:lastDate="2010-11-15T15:05:58.989+08:00" vt:lastUser="vtbaadmin" vt:name="WorkflowApp" vtui:BE="8ac177fe-3379-47c1-9a1c-6c5d44985260" vtui:category="Application" vtui:flags="32" vtui:lcStatus="Validated"/>
<ModelContent fileref="ModelContentFile16" name="applicationModel"/>
</Model>
<Model name="WorkflowDetailPage" path="_System/Workflow/WorkflowDetailPage">
<Properties _modelType="page" embed="false" icon="check-policy" refresh="true" vt:lastDate="2010-11-15T15:05:59.098+08:00" vt:lastUser="vtbaadmin" vt:name="WorkflowDetailPage" vtui:BE="8ac177fe-3379-47c1-9a1c-6c5d44985260" vtui:category="Page" vtui:flags="32" vtui:lcStatus="Validated"/>
<ModelContent classname="[B" fileref="ModelContentFile17" name="snapshot"/>
<ModelContent fileref="ModelContentFile18" name="actionToolsModel"/>
<ModelContent fileref="ModelContentFile19" name="actionRulesModel"/>
<ModelContent fileref="ModelContentFile20" name="pageModel"/>
</Model>
<Model name="WorkflowDetailApp" path="_System/Workflow/WorkflowDetailApp">
<Properties _modelType="app.view" vt:lastDate="2010-11-15T15:05:59.208+08:00" vt:lastUser="vtbaadmin" vt:name="WorkflowDetailApp" vtui:BE="8ac177fe-3379-47c1-9a1c-6c5d44985260" vtui:category="Application" vtui:flags="32" vtui:lcStatus="Validated"/>
<ModelContent fileref="ModelContentFile21" name="applicationModel"/>
</Model>
</Folder>
</Folder>
<Folder name="Vitria" path="Vitria">
<Properties vt:lastDate="2010-11-15T15:05:59.239+08:00" vt:lastUser="vtbaadmin" vt:name="Vitria" vtui:BE="8ac177fe-3379-47c1-9a1c-6c5d44985260" vtui:flags="32"/>
<Folder name="Event" path="Vitria/Event">
<Properties vt:lastDate="2010-11-15T15:06:01.458+08:00" vt:lastUser="vtbaadmin" vt:name="Event" vtui:BE="8ac177fe-3379-47c1-9a1c-6c5d44985260" vtui:flags="32"/>
<Model name="EventSourceExceptionEvent" path="Vitria/Event/EventSourceExceptionEvent">
<Properties _modelType="schema.event" vt:lastDate="2010-11-15T15:06:01.505+08:00" vt:lastUser="vtbaadmin" vt:name="EventSourceExceptionEvent" vtui:BE="8ac177fe-3379-47c1-9a1c-6c5d44985260" vtui:category="Event" vtui:flags="32" vtui:lcStatus="Validated"/>
<ModelContent fileref="ModelContentFile22" name="variables"/>
</Model>
<Model name="Untyped" path="Vitria/Event/Untyped">
<Properties _modelType="schema.event" vt:lastDate="2010-11-15T15:06:01.567+08:00" vt:lastUser="vtbaadmin" vt:name="Untyped" vtui:BE="8ac177fe-3379-47c1-9a1c-6c5d44985260" vtui:category="Event" vtui:flags="32" vtui:lcStatus="Validated"/>
<ModelContent fileref="ModelContentFile23" name="variables"/>
</Model>
</Folder>
<Folder name="Feed" path="Vitria/Feed">
<Properties vt:lastDate="2010-11-15T15:06:01.583+08:00" vt:lastUser="vtbaadmin" vt:name="Feed" vtui:BE="8ac177fe-3379-47c1-9a1c-6c5d44985260" vtui:flags="32"/>
<Model name="EventSourceExceptionFeed" path="Vitria/Feed/EventSourceExceptionFeed">
<Properties _modelType="feed" vt:lastDate="2010-11-15T15:06:01.645+08:00" vt:lastUser="vtbaadmin" vt:name="EventSourceExceptionFeed" vtui:BE="8ac177fe-3379-47c1-9a1c-6c5d44985260" vtui:category="Feed" vtui:event="Vitria/Event/EventSourceExceptionEvent" vtui:eventArchive="NONE" vtui:feedState="NONE" vtui:flags="32" vtui:historic="false" vtui:kind="LOCAL" vtui:lcStatus="Validated" vtui:outbound="NONE"/>
<ModelContent fileref="ModelContentFile24" name="feed.definition"/>
</Model>
</Folder>
<Folder name="Exception" path="Vitria/Exception">
<Properties vt:lastDate="2010-11-15T15:06:01.661+08:00" vt:lastUser="vtbaadmin" vt:name="Exception" vtui:BE="8ac177fe-3379-47c1-9a1c-6c5d44985260" vtui:flags="32"/>
<Model name="Exception" path="Vitria/Exception/Exception">
<Properties _modelType="schema.exception" vt:lastDate="2010-11-15T15:06:01.723+08:00" vt:lastUser="vtbaadmin" vt:name="Exception" vtui:BE="8ac177fe-3379-47c1-9a1c-6c5d44985260" vtui:category="Exception" vtui:flags="32" vtui:lcStatus="Validated"/>
<ModelContent fileref="ModelContentFile25" name="flowchangedef"/>
</Model>
<Model name="BusinessException" path="Vitria/Exception/BusinessException">
<Properties _modelType="schema.exception" vt:lastDate="2010-11-15T15:06:01.770+08:00" vt:lastUser="vtbaadmin" vt:name="BusinessException" vtui:BE="8ac177fe-3379-47c1-9a1c-6c5d44985260" vtui:category="Exception" vtui:flags="32" vtui:lcStatus="Validated"/>
<ModelContent fileref="ModelContentFile26" name="flowchangedef"/>
</Model>
<Model name="SystemException" path="Vitria/Exception/SystemException">
<Properties _modelType="schema.exception" vt:lastDate="2010-11-15T15:06:01.833+08:00" vt:lastUser="vtbaadmin" vt:name="SystemException" vtui:BE="8ac177fe-3379-47c1-9a1c-6c5d44985260" vtui:category="Exception" vtui:flags="32" vtui:lcStatus="Validated"/>
<ModelContent fileref="ModelContentFile27" name="flowchangedef"/>
</Model>
<Model name="SQLException" path="Vitria/Exception/SQLException">
<Properties _modelType="schema.exception" vt:lastDate="2010-11-15T15:06:01.895+08:00" vt:lastUser="vtbaadmin" vt:name="SQLException" vtui:BE="8ac177fe-3379-47c1-9a1c-6c5d44985260" vtui:category="Exception" vtui:flags="32" vtui:lcStatus="Validated"/>
<ModelContent fileref="ModelContentFile28" name="flowchangedef"/>
</Model>
</Folder>
<Folder name="Compensation" path="Vitria/Compensation">
<Properties vt:lastDate="2010-11-15T15:06:01.911+08:00" vt:lastUser="vtbaadmin" vt:name="Compensation" vtui:BE="8ac177fe-3379-47c1-9a1c-6c5d44985260" vtui:flags="32"/>
<Model name="Compensation" path="Vitria/Compensation/Compensation">
<Properties _modelType="schema.compensation" vt:lastDate="2010-11-15T15:06:01.973+08:00" vt:lastUser="vtbaadmin" vt:name="Compensation" vtui:BE="8ac177fe-3379-47c1-9a1c-6c5d44985260" vtui:category="Compensation" vtui:flags="32" vtui:lcStatus="Validated"/>
<ModelContent fileref="ModelContentFile29" name="flowchangedef"/>
</Model>
</Folder>
</Folder>
</Project>
<References exportRef="false">
<Reference from="feed" name="_mr____ESREF" to="event"/>
<Reference from="process" name="_mr____ESREF" to="event"/>
<Reference from="process" name="_mr__bpmn" to="process"/>
<Reference from="process" name="_mr__bpmn__1" to="feed"/>
<Reference from="_System/Workflow/WorkflowApp" name="_em__WorkflowPage" to="_System/Workflow/WorkflowPage"/>
<Reference from="_System/Workflow/WorkflowDetailApp" name="_em__WorkflowDetailPage" to="_System/Workflow/WorkflowDetailPage"/>
<Reference from="Vitria/Feed/EventSourceExceptionFeed" name="_mr____ESREF" to="Vitria/Event/EventSourceExceptionEvent"/>
<Reference from="Vitria/Exception/BusinessException" name="_mr__parent" to="Vitria/Exception/Exception"/>
<Reference from="Vitria/Exception/SystemException" name="_mr__parent" to="Vitria/Exception/Exception"/>
<Reference from="Vitria/Exception/SQLException" name="_mr__parent" to="Vitria/Exception/SystemException"/>
</References>
</ModelRepository>
