<?xml version="1.0" encoding="UTF-8"?>
<ModelRepository xmlns:vt="http://com.vitria.modeling.repository/persistent" xmlns:vtadm="http://com.vitria.modeling.repository/tenant/admin" xmlns:vti="http://com.vitria.modeling.repository/internal" xmlns:vtui="http://m3oui.vitria.com" xmlns:vtuser="http://com.vitria.modeling.repository/tenant/user" m3oversion="3.1.0.0">
<BusinessEnvironment name="/home/vtbaadmin/SPRYV2" path="/home/vtbaadmin/SPRYV2">
<BusinessEnvironmentProperties vt:lastDate="2010-06-05T14:46:51.774+08:00" vt:lastUser="vtbaadmin" vt:logicalpath="/home/vtbaadmin/SPRYV2" vt:name="SPRYV2" vtui:flags="31" vtui:hidden="false"/>
<KnowledgeSpace m3oversion="3.1.0.0" name="Schema" path="/home/vtbaadmin/SPRYV2/Schema">
<KnowledgeSpaceProperties hasSandbox="true" releasable="true" vt:lastDate="2010-06-05T14:46:45.711+08:00" vt:lastUser="vtbaadmin" vt:name="Schema" vtui:flags="31" vtui:hidden="false"/>
<Folder name="Event" path="/home/vtbaadmin/SPRYV2/Schema/Event">
<FolderProperties vt:lastDate="2010-06-05T14:46:50.758+08:00" vt:lastUser="vtbaadmin" vt:name="Event" vtui:BE="6fbcd93c-6f29-4002-897e-41ef185b5e6a" vtui:KS="Schema" vtui:flags="48"/>
<Model name="ActionEvent" path="/home/vtbaadmin/SPRYV2/Schema/Event/ActionEvent">
<ModelProperties _modelType="schema.event" _tr__variables="{http://www.spry.com/m3o}Action{XSDELEMENT};{http://schema.vitria.com/model}EMFEventContext{XSDELEMENT}" schema.property.supportqualified="true" vt:lastDate="2010-06-05T15:24:24.530+08:00" vt:lastUser="vtbaadmin" vt:name="ActionEvent" vtui:BE="6fbcd93c-6f29-4002-897e-41ef185b5e6a" vtui:KS="Schema" vtui:category="Event" vtui:flags="27" vtui:lcStatus="Validated"/>
<ModelContent fileref="ModelContentFile0" name="variables"/>
<ModelContent fileref="ModelContentFile1" name="forms"/>
<ModelContent fileref="ModelContentFile2" name="groupfield"/>
</Model>
<Model name="Untyped" path="/home/vtbaadmin/SPRYV2/Schema/Event/Untyped">
<ModelProperties _modelType="schema.event" vt:lastDate="2010-06-05T14:46:50.821+08:00" vt:lastUser="vtbaadmin" vt:name="Untyped" vtui:BE="6fbcd93c-6f29-4002-897e-41ef185b5e6a" vtui:KS="Schema" vtui:category="Event" vtui:flags="16" vtui:lcStatus="Validated"/>
<ModelContent fileref="ModelContentFile3" name="variables"/>
</Model>
</Folder>
</KnowledgeSpace>
<KnowledgeSpace m3oversion="3.1.0.0" name="EventSource" path="/home/vtbaadmin/SPRYV2/EventSource">
<KnowledgeSpaceProperties hasSandbox="true" releasable="true" vt:lastDate="2010-06-05T14:46:46.227+08:00" vt:lastUser="vtbaadmin" vt:name="EventSource" vtui:flags="31" vtui:hidden="false"/>
<Folder name="JMS" path="/home/vtbaadmin/SPRYV2/EventSource/JMS">
<FolderProperties vt:lastDate="2010-06-05T14:46:46.399+08:00" vt:lastUser="vtbaadmin" vt:name="JMS" vtui:BE="6fbcd93c-6f29-4002-897e-41ef185b5e6a" vtui:KS="EventSource" vtui:flags="16"/>
<Model name="SMEOperationsJMS" path="/home/vtbaadmin/SPRYV2/EventSource/JMS/SMEOperationsJMS">
<ModelProperties _itemXpath="" _modelType="eventsource.jms" vt:lastDate="2010-06-05T15:40:12.355+08:00" vt:lastUser="vtbaadmin" vt:name="SMEOperationsJMS" vtui:BE="6fbcd93c-6f29-4002-897e-41ef185b5e6a" vtui:KS="EventSource" vtui:category="JMS" vtui:flags="31" vtui:lcStatus="Validated"/>
<ModelContent fileref="ModelContentFile4" name="jmsmapping"/>
</Model>
<Model name="KnoodlRSSJMS" path="/home/vtbaadmin/SPRYV2/EventSource/JMS/KnoodlRSSJMS">
<ModelProperties _itemXpath="" _modelType="eventsource.jms" vt:lastDate="2010-06-05T15:39:23.995+08:00" vt:lastUser="vtbaadmin" vt:name="KnoodlRSSJMS" vtui:BE="6fbcd93c-6f29-4002-897e-41ef185b5e6a" vtui:KS="EventSource" vtui:category="JMS" vtui:flags="31" vtui:lcStatus="Validated"/>
<ModelContent fileref="ModelContentFile5" name="jmsmapping"/>
</Model>
<Model name="FacilitatorActionsJMS" path="/home/vtbaadmin/SPRYV2/EventSource/JMS/FacilitatorActionsJMS">
<ModelProperties _itemXpath="" _modelType="eventsource.jms" vt:lastDate="2010-06-05T15:39:50.433+08:00" vt:lastUser="vtbaadmin" vt:name="FacilitatorActionsJMS" vtui:BE="6fbcd93c-6f29-4002-897e-41ef185b5e6a" vtui:KS="EventSource" vtui:category="JMS" vtui:flags="31" vtui:lcStatus="Validated"/>
<ModelContent fileref="ModelContentFile6" name="jmsmapping"/>
</Model>
</Folder>
</KnowledgeSpace>
<KnowledgeSpace m3oversion="3.1.0.0" name="Feed" path="/home/vtbaadmin/SPRYV2/Feed">
<KnowledgeSpaceProperties hasSandbox="true" releasable="true" vt:lastDate="2010-06-05T14:46:46.696+08:00" vt:lastUser="vtbaadmin" vt:name="Feed" vtui:flags="31" vtui:hidden="false"/>
<Folder name="Feed" path="/home/vtbaadmin/SPRYV2/Feed/Feed">
<FolderProperties vt:lastDate="2010-06-05T14:46:51.696+08:00" vt:lastUser="vtbaadmin" vt:name="Feed" vtui:BE="6fbcd93c-6f29-4002-897e-41ef185b5e6a" vtui:KS="Feed" vtui:flags="16"/>
<Folder name="client" path="/home/vtbaadmin/SPRYV2/Feed/Feed/client">
<FolderProperties _modelType="Feed" vt:lastDate="2010-06-05T15:32:19.919+08:00" vt:lastUser="vtbaadmin" vt:name="client" vtui:BE="6fbcd93c-6f29-4002-897e-41ef185b5e6a" vtui:KS="Feed" vtui:category="Feed" vtui:flags="31"/>
<Model name="Knoodl_RSS_Feed" path="/home/vtbaadmin/SPRYV2/Feed/Feed/client/Knoodl_RSS_Feed">
<ModelProperties _modelType="Feed" vt:lastDate="2010-06-05T15:33:28.888+08:00" vt:lastUser="vtbaadmin" vt:name="Knoodl_RSS_Feed" vtui:BE="6fbcd93c-6f29-4002-897e-41ef185b5e6a" vtui:KS="Feed" vtui:category="Feed" vtui:event="ActionEvent" vtui:eventArchive="NONE" vtui:feedState="NONE" vtui:flags="31" vtui:historic="false" vtui:kind="LOCAL" vtui:lcStatus="Validated" vtui:outbound="NONE"/>
<ModelContent fileref="ModelContentFile7" name="feed.definition"/>
</Model>
<Model name="Facilitator_Actions_Feed" path="/home/vtbaadmin/SPRYV2/Feed/Feed/client/Facilitator_Actions_Feed">
<ModelProperties _modelType="Feed" vt:lastDate="2010-06-05T15:34:14.981+08:00" vt:lastUser="vtbaadmin" vt:name="Facilitator_Actions_Feed" vtui:BE="6fbcd93c-6f29-4002-897e-41ef185b5e6a" vtui:KS="Feed" vtui:category="Feed" vtui:event="ActionEvent" vtui:eventArchive="NONE" vtui:feedState="NONE" vtui:flags="31" vtui:historic="false" vtui:kind="LOCAL" vtui:lcStatus="Validated" vtui:outbound="NONE"/>
<ModelContent fileref="ModelContentFile8" name="feed.definition"/>
</Model>
<Model name="SME_Operations_Feed" path="/home/vtbaadmin/SPRYV2/Feed/Feed/client/SME_Operations_Feed">
<ModelProperties _modelType="Feed" vt:lastDate="2010-06-05T15:34:33.762+08:00" vt:lastUser="vtbaadmin" vt:name="SME_Operations_Feed" vtui:BE="6fbcd93c-6f29-4002-897e-41ef185b5e6a" vtui:KS="Feed" vtui:category="Feed" vtui:event="ActionEvent" vtui:eventArchive="NONE" vtui:feedState="NONE" vtui:flags="31" vtui:historic="false" vtui:kind="LOCAL" vtui:lcStatus="Validated" vtui:outbound="NONE"/>
<ModelContent fileref="ModelContentFile9" name="feed.definition"/>
</Model>
</Folder>
</Folder>
</KnowledgeSpace>
<KnowledgeSpace m3oversion="3.1.0.0" name="Server" path="/home/vtbaadmin/SPRYV2/Server">
<KnowledgeSpaceProperties hasSandbox="true" releasable="false" vt:lastDate="2010-06-05T14:46:46.086+08:00" vt:lastUser="vtbaadmin" vt:name="Server" vtui:flags="31" vtui:hidden="false"/>
<Folder name="M3O" path="/home/vtbaadmin/SPRYV2/Server/M3O">
<FolderProperties vt:lastDate="2010-06-05T14:46:46.102+08:00" vt:lastUser="vtbaadmin" vt:name="M3O" vtui:BE="6fbcd93c-6f29-4002-897e-41ef185b5e6a" vtui:KS="Server" vtui:flags="16"/>
<Model name="Deployment" path="/home/vtbaadmin/SPRYV2/Server/M3O/Deployment">
<ModelProperties isSandbox="true" vt:lastDate="2010-06-05T15:42:24.401+08:00" vt:lastUser="vtbaadmin" vt:name="Deployment" vtui:BE="6fbcd93c-6f29-4002-897e-41ef185b5e6a" vtui:KS="Server" vtui:category="M3O" vtui:flags="18" vtui:lcStatus="Validated"/>
<ModelContent fileref="ModelContentFile10" name="workgroups"/>
<ModelContent fileref="ModelContentFile11" name="serverConfig"/>
</Model>
</Folder>
</KnowledgeSpace>
</BusinessEnvironment>
<References exportRef="true">
<Reference from="/home/vtbaadmin/SPRYV2/EventSource/JMS/SMEOperationsJMS" name="_mr____ESREF__ActionEvent" to="/home/vtbaadmin/SPRYV2/Schema/Event/ActionEvent"/>
<Reference from="/home/vtbaadmin/SPRYV2/EventSource/JMS/SMEOperationsJMS" name="_mr____ESREF__Untyped" to="/home/vtbaadmin/SPRYV2/Schema/Event/Untyped"/>
<Reference from="/home/vtbaadmin/SPRYV2/EventSource/JMS/KnoodlRSSJMS" name="_mr____ESREF__ActionEvent" to="/home/vtbaadmin/SPRYV2/Schema/Event/ActionEvent"/>
<Reference from="/home/vtbaadmin/SPRYV2/EventSource/JMS/KnoodlRSSJMS" name="_mr____ESREF__Untyped" to="/home/vtbaadmin/SPRYV2/Schema/Event/Untyped"/>
<Reference from="/home/vtbaadmin/SPRYV2/EventSource/JMS/FacilitatorActionsJMS" name="_mr____ESREF__ActionEvent" to="/home/vtbaadmin/SPRYV2/Schema/Event/ActionEvent"/>
<Reference from="/home/vtbaadmin/SPRYV2/EventSource/JMS/FacilitatorActionsJMS" name="_mr____ESREF__Untyped" to="/home/vtbaadmin/SPRYV2/Schema/Event/Untyped"/>
<Reference from="/home/vtbaadmin/SPRYV2/Feed/Feed/client/Knoodl_RSS_Feed" name="_mr____ESREF" to="/home/vtbaadmin/SPRYV2/Schema/Event/ActionEvent"/>
<Reference from="/home/vtbaadmin/SPRYV2/Feed/Feed/client/Facilitator_Actions_Feed" name="_mr____ESREF" to="/home/vtbaadmin/SPRYV2/Schema/Event/ActionEvent"/>
<Reference from="/home/vtbaadmin/SPRYV2/Feed/Feed/client/SME_Operations_Feed" name="_mr____ESREF" to="/home/vtbaadmin/SPRYV2/Schema/Event/ActionEvent"/>
</References>
</ModelRepository>
