<?xml version="1.0" encoding="UTF-8"?>
<ModelRepository xmlns:vt="http://com.vitria.modeling.repository/persistent" xmlns:vtadm="http://com.vitria.modeling.repository/tenant/admin" xmlns:vte="http://com.vitria.modeling.repository/encrypted" xmlns:vti="http://com.vitria.modeling.repository/internal" xmlns:vtui="http://m3oui.vitria.com" xmlns:vtuser="http://com.vitria.modeling.repository/tenant/user" m3oversion="4.0.0.0">
<Project>
<Properties _version="4.0.0.0" modelDescription="" vt:lastDate="2011-09-08T10:41:11.704+08:00" vt:lastUser="vtbaadmin" vt:name="TestProject" vtui:flags="31" vtui:hidden="false"/>
<Model name="event1" path="event1">
<Properties _modelType="schema.event" _tr__variables="{http://schema.vitria.com/model}EMFEventContext{XSDELEMENT}" schema.property.supportqualified="true" useParameter="false" vt:lastDate="2011-09-08T10:41:08.329+08:00" vt:lastUser="vtbaadmin" vt:name="event1" vtui:BE="96832c2c-3612-4831-a96d-dc19e9d671d1" vtui:category="Event" vtui:flags="31"/>
<ModelContent fileref="ModelContentFile0" name="groupfield"/>
<ModelContent fileref="ModelContentFile1" name="forms"/>
<ModelContent fileref="ModelContentFile2" name="variables"/>
</Model>
<Model name="feed1" path="feed1">
<Properties _modelType="feed" useParameter="false" vt:lastDate="2011-09-08T10:41:09.657+08:00" vt:lastUser="vtbaadmin" vt:name="feed1" vtui:BE="96832c2c-3612-4831-a96d-dc19e9d671d1" vtui:category="Feed" vtui:event="event1" vtui:eventArchive="NONE" vtui:feedState="NONE" vtui:flags="31" vtui:historic="false" vtui:kind="ENTERPRISE" vtui:outbound="NONE"/>
<ModelContent fileref="ModelContentFile3" name="feed.definition"/>
</Model>
<Model name="feed2" path="feed2">
<Properties _modelType="feed" useParameter="false" vt:lastDate="2011-09-08T10:41:09.673+08:00" vt:lastUser="vtbaadmin" vt:name="feed2" vtui:BE="96832c2c-3612-4831-a96d-dc19e9d671d1" vtui:category="Feed" vtui:event="event1" vtui:eventArchive="NONE" vtui:feedState="NONE" vtui:flags="31" vtui:historic="false" vtui:kind="ENTERPRISE" vtui:outbound="NONE"/>
<ModelContent fileref="ModelContentFile4" name="feed.definition"/>
</Model>
<Model name="process1" path="process1">
<Properties _modelType="process" _mr__bpmn="3c774a78-6f7f-4b16-bf45-5e914111dace" _tr__bpmn="{http://schema.vitria.com/model}EMFEventContext{XSDELEMENT}" schema.event.type="event1" useParameter="false" vt:lastDate="2011-09-08T10:41:09.735+08:00" vt:lastUser="vtbaadmin" vt:name="process1" vtui:BE="96832c2c-3612-4831-a96d-dc19e9d671d1" vtui:businessStep="false" vtui:category="Resolution" vtui:flags="31"/>
<ModelContent fileref="ModelContentFile5" name="bpmn.usertask"/>
<ModelContent fileref="ModelContentFile6" name="bpmn.ui"/>
<ModelContent fileref="ModelContentFile7" name="bpmn.condition"/>
<ModelContent fileref="ModelContentFile8" name="bpmn"/>
<ModelContent fileref="ModelContentFile9" name="bpmn.simulation.report"/>
<ModelContent fileref="ModelContentFile10" name="bpmn.simulation"/>
</Model>
<Model name="process2" path="process2">
<Properties _modelType="process" _mr__bpmn="0eaa5683-8297-4d76-8177-1ae6766a74c8" _tr__bpmn="{http://schema.vitria.com/model}EMFEventContext{XSDELEMENT}" schema.event.type="event1" useParameter="false" vt:lastDate="2011-09-08T10:41:09.798+08:00" vt:lastUser="vtbaadmin" vt:name="process2" vtui:BE="96832c2c-3612-4831-a96d-dc19e9d671d1" vtui:businessStep="false" vtui:category="Resolution" vtui:flags="31"/>
<ModelContent fileref="ModelContentFile11" name="bpmn.usertask"/>
<ModelContent fileref="ModelContentFile12" name="bpmn.ui"/>
<ModelContent fileref="ModelContentFile13" name="bpmn.condition"/>
<ModelContent fileref="ModelContentFile14" name="bpmn"/>
<ModelContent fileref="ModelContentFile15" name="bpmn.simulation.report"/>
<ModelContent fileref="ModelContentFile16" name="bpmn.simulation"/>
</Model>
<Model name="epn1" path="epn1">
<Properties _modelType="EPN" editOpenQueryModel="false" embed="false" isAdhoc="false" isTemplate="false" refresh="true" useParameter="false" vt:lastDate="2011-09-08T10:41:09.829+08:00" vt:lastUser="vtbaadmin" vt:name="epn1" vtui:BE="96832c2c-3612-4831-a96d-dc19e9d671d1" vtui:category="EPN" vtui:flags="31"/>
<ModelContent fileref="ModelContentFile17" name="openQueryModel"/>
<ModelContent fileref="ModelContentFile18" name="pageModel"/>
</Model>
<Model name="jms1" path="jms1">
<Properties _modelType="eventsource.jms" eventsource_input="JMS Message" useParameter="false" vt:lastDate="2011-09-08T10:41:09.845+08:00" vt:lastUser="vtbaadmin" vt:name="jms1" vtui:BE="96832c2c-3612-4831-a96d-dc19e9d671d1" vtui:category="JMS" vtui:flags="31"/>
<ModelContent fileref="ModelContentFile19" name="jmsmapping"/>
</Model>
<Folder name="_System" path="_System">
<Properties vt:lastDate="2011-09-08T10:41:04.641+08:00" vt:lastUser="vtbaadmin" vt:name="_System" vtui:BE="96832c2c-3612-4831-a96d-dc19e9d671d1" vtui:flags="31" vtui:hidden="true"/>
<Folder name="Workgroup" path="_System/Workgroup">
<Properties releasable="false" vt:lastDate="2011-09-08T10:41:04.735+08:00" vt:lastUser="vtbaadmin" vt:name="Workgroup" vtui:BE="96832c2c-3612-4831-a96d-dc19e9d671d1" vtui:flags="31"/>
</Folder>
<Folder name="Server" path="_System/Server">
<Properties releasable="false" vt:lastDate="2011-09-08T10:41:04.751+08:00" vt:lastUser="vtbaadmin" vt:name="Server" vtui:BE="96832c2c-3612-4831-a96d-dc19e9d671d1" vtui:flags="31"/>
<Folder name="M3O" path="_System/Server/M3O">
<Properties vt:lastDate="2011-09-08T10:41:04.766+08:00" vt:lastUser="vtbaadmin" vt:name="M3O" vtui:BE="96832c2c-3612-4831-a96d-dc19e9d671d1" vtui:flags="16"/>
<Model name="Deployment" path="_System/Server/M3O/Deployment">
<Properties _modelType="deployment" isSandbox="true" useParameter="false" vt:lastDate="2011-09-08T14:40:09.688+08:00" vt:lastUser="vtbaadmin" vt:name="Deployment" vtui:BE="96832c2c-3612-4831-a96d-dc19e9d671d1" vtui:category="M3O" vtui:flags="31" vtui:lcStatus="Validated"/>
<ModelContent fileref="ModelContentFile20" name="workgroups"/>
<ModelContent fileref="ModelContentFile21" name="serverConfig"/>
<ModelContent fileref="ModelContentFile22" name="parameters"/>
</Model>
</Folder>
</Folder>
<Folder name="Workflow" path="_System/Workflow">
<Properties vt:lastDate="2011-09-08T10:41:04.985+08:00" vt:lastUser="vtbaadmin" vt:name="Workflow" vtui:BE="96832c2c-3612-4831-a96d-dc19e9d671d1" vtui:flags="31"/>
<Model name="WorkflowPage" path="_System/Workflow/WorkflowPage">
<Properties _modelType="page" embed="false" icon="check-policy" refresh="true" vt:lastDate="2011-09-08T10:41:05.063+08:00" vt:lastUser="vtbaadmin" vt:name="WorkflowPage" vtui:BE="96832c2c-3612-4831-a96d-dc19e9d671d1" vtui:category="Page" vtui:flags="32" vtui:lcStatus="Validated"/>
<ModelContent classname="[B" fileref="ModelContentFile23" name="snapshot"/>
<ModelContent fileref="ModelContentFile24" name="actionToolsModel"/>
<ModelContent fileref="ModelContentFile25" name="actionRulesModel"/>
<ModelContent fileref="ModelContentFile26" name="pageModel"/>
</Model>
<Model name="WorkflowApp" path="_System/Workflow/WorkflowApp">
<Properties _modelType="app.view" vt:lastDate="2011-09-08T10:41:05.188+08:00" vt:lastUser="vtbaadmin" vt:name="WorkflowApp" vtui:BE="96832c2c-3612-4831-a96d-dc19e9d671d1" vtui:category="Application" vtui:flags="32" vtui:lcStatus="Validated"/>
<ModelContent fileref="ModelContentFile27" name="applicationModel"/>
</Model>
<Model name="WorkflowDetailPage" path="_System/Workflow/WorkflowDetailPage">
<Properties _modelType="page" embed="false" icon="check-policy" refresh="true" vt:lastDate="2011-09-08T10:41:05.282+08:00" vt:lastUser="vtbaadmin" vt:name="WorkflowDetailPage" vtui:BE="96832c2c-3612-4831-a96d-dc19e9d671d1" vtui:category="Page" vtui:flags="32" vtui:lcStatus="Validated"/>
<ModelContent classname="[B" fileref="ModelContentFile28" name="snapshot"/>
<ModelContent fileref="ModelContentFile29" name="actionToolsModel"/>
<ModelContent fileref="ModelContentFile30" name="actionRulesModel"/>
<ModelContent fileref="ModelContentFile31" name="pageModel"/>
</Model>
<Model name="WorkflowDetailApp" path="_System/Workflow/WorkflowDetailApp">
<Properties _modelType="app.view" vt:lastDate="2011-09-08T10:41:05.345+08:00" vt:lastUser="vtbaadmin" vt:name="WorkflowDetailApp" vtui:BE="96832c2c-3612-4831-a96d-dc19e9d671d1" vtui:category="Application" vtui:flags="32" vtui:lcStatus="Validated"/>
<ModelContent fileref="ModelContentFile32" name="applicationModel"/>
</Model>
</Folder>
<Folder name="Setting" path="_System/Setting">
<Properties vt:lastDate="2011-09-08T10:41:05.688+08:00" vt:lastUser="vtbaadmin" vt:name="Setting" vtui:BE="96832c2c-3612-4831-a96d-dc19e9d671d1" vtui:flags="31"/>
<Model name="ProjectParaDef" path="_System/Setting/ProjectParaDef">
<Properties _modelType="proj.parameter" vt:lastDate="2011-09-08T10:41:05.720+08:00" vt:lastUser="vtbaadmin" vt:name="ProjectParaDef" vtui:BE="96832c2c-3612-4831-a96d-dc19e9d671d1" vtui:flags="31" vtui:lcStatus="Validated"/>
<ModelContent fileref="ModelContentFile33" name="def"/>
</Model>
<Model name="Security" path="_System/Setting/Security">
<Properties _modelType="proj.security" vt:lastDate="2011-09-08T10:41:05.766+08:00" vt:lastUser="vtbaadmin" vt:name="Security" vtui:BE="96832c2c-3612-4831-a96d-dc19e9d671d1" vtui:flags="31" vtui:lcStatus="Validated"/>
<ModelContent fileref="ModelContentFile34" name="def"/>
</Model>
</Folder>
</Folder>
<Folder name="Vitria" path="Vitria">
<Properties vt:lastDate="2011-09-08T10:41:05.782+08:00" vt:lastUser="vtbaadmin" vt:name="Vitria" vtui:BE="96832c2c-3612-4831-a96d-dc19e9d671d1" vtui:flags="32"/>
<Folder name="Event" path="Vitria/Event">
<Properties vt:lastDate="2011-09-08T10:41:05.798+08:00" vt:lastUser="vtbaadmin" vt:name="Event" vtui:BE="96832c2c-3612-4831-a96d-dc19e9d671d1" vtui:flags="32"/>
<Model name="EventSourceExceptionEvent" path="Vitria/Event/EventSourceExceptionEvent">
<Properties _modelType="schema.event" vt:lastDate="2011-09-08T10:41:05.845+08:00" vt:lastUser="vtbaadmin" vt:name="EventSourceExceptionEvent" vtui:BE="96832c2c-3612-4831-a96d-dc19e9d671d1" vtui:category="Event" vtui:flags="32" vtui:lcStatus="Validated"/>
<ModelContent fileref="ModelContentFile35" name="variables"/>
</Model>
<Model name="Untyped" path="Vitria/Event/Untyped">
<Properties _modelType="schema.event" vt:lastDate="2011-09-08T10:41:05.876+08:00" vt:lastUser="vtbaadmin" vt:name="Untyped" vtui:BE="96832c2c-3612-4831-a96d-dc19e9d671d1" vtui:category="Event" vtui:flags="32" vtui:lcStatus="Validated"/>
<ModelContent fileref="ModelContentFile36" name="variables"/>
</Model>
</Folder>
<Folder name="Feed" path="Vitria/Feed">
<Properties vt:lastDate="2011-09-08T10:41:05.907+08:00" vt:lastUser="vtbaadmin" vt:name="Feed" vtui:BE="96832c2c-3612-4831-a96d-dc19e9d671d1" vtui:flags="32"/>
<Model name="EventSourceExceptionFeed" path="Vitria/Feed/EventSourceExceptionFeed">
<Properties _modelType="feed" vt:lastDate="2011-09-08T10:41:05.954+08:00" vt:lastUser="vtbaadmin" vt:name="EventSourceExceptionFeed" vtui:BE="96832c2c-3612-4831-a96d-dc19e9d671d1" vtui:category="Feed" vtui:event="Vitria/Event/EventSourceExceptionEvent" vtui:eventArchive="NONE" vtui:feedState="NONE" vtui:flags="32" vtui:historic="false" vtui:kind="LOCAL" vtui:lcStatus="Validated" vtui:outbound="NONE"/>
<ModelContent fileref="ModelContentFile37" name="feed.definition"/>
</Model>
</Folder>
<Folder name="Exception" path="Vitria/Exception">
<Properties vt:lastDate="2011-09-08T10:41:05.985+08:00" vt:lastUser="vtbaadmin" vt:name="Exception" vtui:BE="96832c2c-3612-4831-a96d-dc19e9d671d1" vtui:flags="32"/>
<Model name="Exception" path="Vitria/Exception/Exception">
<Properties _modelType="schema.exception" vt:lastDate="2011-09-08T10:41:06.016+08:00" vt:lastUser="vtbaadmin" vt:name="Exception" vtui:BE="96832c2c-3612-4831-a96d-dc19e9d671d1" vtui:category="Exception" vtui:flags="32" vtui:lcStatus="Validated"/>
<ModelContent fileref="ModelContentFile38" name="flowchangedef"/>
</Model>
<Model name="BusinessException" path="Vitria/Exception/BusinessException">
<Properties _modelType="schema.exception" vt:lastDate="2011-09-08T10:41:06.079+08:00" vt:lastUser="vtbaadmin" vt:name="BusinessException" vtui:BE="96832c2c-3612-4831-a96d-dc19e9d671d1" vtui:category="Exception" vtui:flags="32" vtui:lcStatus="Validated"/>
<ModelContent fileref="ModelContentFile39" name="flowchangedef"/>
</Model>
<Model name="SystemException" path="Vitria/Exception/SystemException">
<Properties _modelType="schema.exception" vt:lastDate="2011-09-08T10:41:06.126+08:00" vt:lastUser="vtbaadmin" vt:name="SystemException" vtui:BE="96832c2c-3612-4831-a96d-dc19e9d671d1" vtui:category="Exception" vtui:flags="32" vtui:lcStatus="Validated"/>
<ModelContent fileref="ModelContentFile40" name="flowchangedef"/>
</Model>
<Model name="SQLException" path="Vitria/Exception/SQLException">
<Properties _modelType="schema.exception" vt:lastDate="2011-09-08T10:41:06.173+08:00" vt:lastUser="vtbaadmin" vt:name="SQLException" vtui:BE="96832c2c-3612-4831-a96d-dc19e9d671d1" vtui:category="Exception" vtui:flags="32" vtui:lcStatus="Validated"/>
<ModelContent fileref="ModelContentFile41" name="flowchangedef"/>
</Model>
</Folder>
<Folder name="Compensation" path="Vitria/Compensation">
<Properties vt:lastDate="2011-09-08T10:41:06.204+08:00" vt:lastUser="vtbaadmin" vt:name="Compensation" vtui:BE="96832c2c-3612-4831-a96d-dc19e9d671d1" vtui:flags="32"/>
<Model name="Compensation" path="Vitria/Compensation/Compensation">
<Properties _modelType="schema.compensation" vt:lastDate="2011-09-08T10:41:06.251+08:00" vt:lastUser="vtbaadmin" vt:name="Compensation" vtui:BE="96832c2c-3612-4831-a96d-dc19e9d671d1" vtui:category="Compensation" vtui:flags="32" vtui:lcStatus="Validated"/>
<ModelContent fileref="ModelContentFile42" name="flowchangedef"/>
</Model>
</Folder>
</Folder>
</Project>
<References exportRef="false">
<Reference from="feed1" name="_mr____ESREF" to="event1"/>
<Reference from="feed2" name="_mr____ESREF" to="event1"/>
<Reference from="process1" name="_mr____ESREF" to="event1"/>
<Reference from="process1" name="_mr__bpmn" to="process1"/>
<Reference from="process1" name="_mr__bpmn__1" to="feed1"/>
<Reference from="process2" name="_mr____ESREF" to="event1"/>
<Reference from="process2" name="_mr__bpmn" to="process2"/>
<Reference from="process2" name="_mr__bpmn__2" to="feed2"/>
<Reference from="epn1" name="_home_vtbaadmin_TestPrjLifecycleProject_feed1" to="feed1"/>
<Reference from="epn1" name="_home_vtbaadmin_TestPrjLifecycleProject_feed2" to="feed2"/>
<Reference from="jms1" name="_mr____ESREF__event1" to="event1"/>
<Reference from="_System/Server/M3O/Deployment" name="_mr__serverConfig__inboundFeed__1" to="feed1"/>
<Reference from="_System/Server/M3O/Deployment" name="_mr__serverConfig__eventsource.jms__1" to="jms1"/>
<Reference from="_System/Server/M3O/Deployment" name="_mr__serverConfig__event__1" to="event1"/>
<Reference from="_System/Workflow/WorkflowApp" name="_em__WorkflowPage" to="_System/Workflow/WorkflowPage"/>
<Reference from="_System/Workflow/WorkflowDetailApp" name="_em__WorkflowDetailPage" to="_System/Workflow/WorkflowDetailPage"/>
<Reference from="Vitria/Feed/EventSourceExceptionFeed" name="_mr____ESREF" to="Vitria/Event/EventSourceExceptionEvent"/>
<Reference from="Vitria/Exception/BusinessException" name="_mr__parent" to="Vitria/Exception/Exception"/>
<Reference from="Vitria/Exception/SystemException" name="_mr__parent" to="Vitria/Exception/Exception"/>
<Reference from="Vitria/Exception/SQLException" name="_mr__parent" to="Vitria/Exception/SystemException"/>
</References>
</ModelRepository>
