<?xml version='1.0' encoding='ISO-8859-1'?>
<!DOCTYPE jboss-web PUBLIC "-//JBoss//DTD Web Application 2.3//EN" "http://www.jboss.org/j2ee/dtd/jboss-web_3_2.dtd">
<jboss-web>
    <resource-ref>
        <res-ref-name>jdbc/mysql</res-ref-name>
        <jndi-name>java:/vitria/m3o/app001/ds/system</jndi-name>
    </resource-ref>
    <ejb-local-ref>
        <ejb-ref-name>RepositoryModelStorage</ejb-ref-name>
        <local-jndi-name>
        	RepositoryModelStorage
        </local-jndi-name>
    </ejb-local-ref>
</jboss-web>