<?xml version="1.0" encoding="UTF-8"?>
<ModelRepository xmlns:vt="http://com.vitria.modeling.repository/persistent" xmlns:vtadm="http://com.vitria.modeling.repository/tenant/admin" xmlns:vti="http://com.vitria.modeling.repository/internal" xmlns:vtui="http://m3oui.vitria.com" xmlns:vtuser="http://com.vitria.modeling.repository/tenant/user" m3oversion="3.1.0.0">
<BusinessEnvironment name="/home/vtbaadmin/Spry" path="/home/vtbaadmin/Spry">
<BusinessEnvironmentProperties vt:lastDate="2010-06-04T12:35:11.865+08:00" vt:lastUser="vtbaadmin" vt:logicalpath="/home/vtbaadmin/Spry" vt:name="Spry" vtui:flags="31" vtui:hidden="false"/>
<KnowledgeSpace m3oversion="3.1.0.0" name="Service" path="/home/vtbaadmin/Spry/Service">
<KnowledgeSpaceProperties hasSandbox="true" releasable="true" vt:lastDate="2010-06-04T12:34:58.350+08:00" vt:lastUser="vtbaadmin" vt:name="Service" vtui:flags="31" vtui:hidden="false"/>
<Folder name="WSDLService" path="/home/vtbaadmin/Spry/Service/WSDLService">
<FolderProperties vt:lastDate="2010-06-04T12:35:11.128+08:00" vt:lastUser="vtbaadmin" vt:name="WSDLService" vtui:BE="0ed76bd3-4600-4831-953e-e046d9aa9327" vtui:KS="Service" vtui:flags="16"/>
</Folder>
<Folder name="Function" path="/home/vtbaadmin/Spry/Service/Function">
<FolderProperties vt:lastDate="2010-06-04T12:35:11.160+08:00" vt:lastUser="vtbaadmin" vt:name="Function" vtui:BE="0ed76bd3-4600-4831-953e-e046d9aa9327" vtui:KS="Service" vtui:flags="48"/>
</Folder>
</KnowledgeSpace>
<KnowledgeSpace m3oversion="3.1.0.0" name="Process" path="/home/vtbaadmin/Spry/Process">
<KnowledgeSpaceProperties hasSandbox="true" releasable="true" vt:lastDate="2010-06-04T12:34:57.754+08:00" vt:lastUser="vtbaadmin" vt:name="Process" vtui:flags="31" vtui:hidden="false"/>
<Model name="BasicCollaboration" path="/home/vtbaadmin/Spry/Process/BasicCollaboration">
<ModelProperties _modelType="process" _mr__bpmn="bba45a18-b644-4ff9-9d4f-e861ef462759" _tr__bpmn="{http://schema.vitria.com/model}EMFEventContext{XSDELEMENT};{http://www.spry.com/m3o}Discussion{XSDELEMENT}" schema.event.type="DiscussionEvent" vt:lastDate="2010-06-04T14:10:46.710+08:00" vt:lastUser="vtbaadmin" vt:name="BasicCollaboration" vtui:BE="0ed76bd3-4600-4831-953e-e046d9aa9327" vtui:KS="Process" vtui:businessStep="false" vtui:category="Resolution" vtui:flags="31" vtui:lcStatus="Validated"/>
<ModelContent fileref="ModelContentFile0" name="bpmn.condition"/>
<ModelContent fileref="ModelContentFile1" name="bpmn"/>
<ModelContent fileref="ModelContentFile2" name="bpmn.usertask"/>
<ModelContent fileref="ModelContentFile3" name="bpmn.ui"/>
<ModelContent fileref="ModelContentFile4" name="bpmn.simulation.report"/>
<ModelContent fileref="ModelContentFile5" name="bpmn.simulation"/>
</Model>
<Model name="System" path="/home/vtbaadmin/Spry/Process/System">
<ModelProperties _modelType="process" _mr__bpmn="051eccf6-6f58-4b58-980d-e97f228f0023" _tr__bpmn="{http://schema.vitria.com/model}EMFEventContext{XSDELEMENT};{http://www.spry.com/m3o}Discussion{XSDELEMENT}" schema.event.type="DiscussionEvent" vt:lastDate="2010-06-04T14:41:21.936+08:00" vt:lastUser="vtbaadmin" vt:name="System" vtui:BE="0ed76bd3-4600-4831-953e-e046d9aa9327" vtui:KS="Process" vtui:businessStep="false" vtui:category="Resolution" vtui:flags="31" vtui:lcStatus="Validated"/>
<ModelContent fileref="ModelContentFile6" name="bpmn.condition"/>
<ModelContent fileref="ModelContentFile7" name="bpmn"/>
<ModelContent fileref="ModelContentFile8" name="bpmn.usertask"/>
<ModelContent fileref="ModelContentFile9" name="bpmn.ui"/>
<ModelContent fileref="ModelContentFile10" name="bpmn.simulation.report"/>
<ModelContent fileref="ModelContentFile11" name="bpmn.simulation"/>
</Model>
<Model name="Facilitator" path="/home/vtbaadmin/Spry/Process/Facilitator">
<ModelProperties _modelType="process" _mr__bpmn="ca0ffb33-a07f-4950-93c2-8a7c65bb3870" _tr__bpmn="{http://www.spry.com/m3o}Action{XSDELEMENT};{http://www.spry.com/m3o}Discussion{XSDELEMENT};{http://schema.vitria.com/model}EMFEventContext{XSDELEMENT}" schema.event.type="DiscussionEvent" vt:lastDate="2010-06-04T15:28:53.159+08:00" vt:lastUser="vtbaadmin" vt:name="Facilitator" vtui:BE="0ed76bd3-4600-4831-953e-e046d9aa9327" vtui:KS="Process" vtui:businessStep="false" vtui:category="Resolution" vtui:flags="31" vtui:lcStatus="Validated"/>
<ModelContent fileref="ModelContentFile12" name="bpmn.condition"/>
<ModelContent fileref="ModelContentFile13" name="bpmn"/>
<ModelContent fileref="ModelContentFile14" name="bpmn.usertask"/>
<ModelContent fileref="ModelContentFile15" name="bpmn.ui"/>
<ModelContent fileref="ModelContentFile16" name="bpmn.simulation.report"/>
<ModelContent fileref="ModelContentFile17" name="bpmn.simulation"/>
</Model>
</KnowledgeSpace>
<KnowledgeSpace m3oversion="3.1.0.0" name="Schema" path="/home/vtbaadmin/Spry/Schema">
<KnowledgeSpaceProperties hasSandbox="true" releasable="true" vt:lastDate="2010-06-04T12:34:57.990+08:00" vt:lastUser="vtbaadmin" vt:name="Schema" vtui:flags="31" vtui:hidden="false"/>
<Folder name="Constraint" path="/home/vtbaadmin/Spry/Schema/Constraint">
<FolderProperties vt:lastDate="2010-06-04T12:35:00.420+08:00" vt:lastUser="vtbaadmin" vt:name="Constraint" vtui:BE="0ed76bd3-4600-4831-953e-e046d9aa9327" vtui:KS="Schema" vtui:flags="48"/>
<Folder name="Field Dependency" path="/home/vtbaadmin/Spry/Schema/Constraint/Field Dependency">
<FolderProperties vt:lastDate="2010-06-04T12:35:00.498+08:00" vt:lastUser="vtbaadmin" vt:name="Field Dependency" vtui:BE="0ed76bd3-4600-4831-953e-e046d9aa9327" vtui:KS="Schema" vtui:category="Constraint" vtui:flags="48"/>
</Folder>
</Folder>
<Folder name="Document" path="/home/vtbaadmin/Spry/Schema/Document">
<FolderProperties vt:lastDate="2010-06-04T12:35:00.592+08:00" vt:lastUser="vtbaadmin" vt:name="Document" vtui:BE="0ed76bd3-4600-4831-953e-e046d9aa9327" vtui:KS="Schema" vtui:flags="48"/>
<Folder name="Vitria" path="/home/vtbaadmin/Spry/Schema/Document/Vitria">
<FolderProperties vt:lastDate="2010-06-04T12:35:08.071+08:00" vt:lastUser="vtbaadmin" vt:name="Vitria" vtui:BE="0ed76bd3-4600-4831-953e-e046d9aa9327" vtui:KS="Schema" vtui:category="Document" vtui:flags="32"/>
<Model name="EMFEventHeader" path="/home/vtbaadmin/Spry/Schema/Document/Vitria/EMFEventHeader">
<ModelProperties _modelType="schema.document" structXSDType="{http://schema.vitria.com/model}EMFEventHeader" vt:lastDate="2010-06-04T12:35:08.698+08:00" vt:lastUser="vtbaadmin" vt:name="EMFEventHeader" vtui:BE="0ed76bd3-4600-4831-953e-e046d9aa9327" vtui:KS="Schema" vtui:category="Document" vtui:flags="32" vtui:lcStatus="Validated"/>
<ModelContent fileref="ModelContentFile18" name="mapping"/>
<ModelContent fileref="ModelContentFile19" name="mappinglist"/>
<ModelContent fileref="ModelContentFile20" name="structure"/>
<ModelContent fileref="ModelContentFile21" name="structure.xsd"/>
<ModelContent fileref="ModelContentFile22" name="schema_1"/>
</Model>
</Folder>
</Folder>
<Folder name="SchemaType" path="/home/vtbaadmin/Spry/Schema/SchemaType">
<FolderProperties vt:lastDate="2010-06-04T12:35:08.761+08:00" vt:lastUser="vtbaadmin" vt:name="SchemaType" vtui:BE="0ed76bd3-4600-4831-953e-e046d9aa9327" vtui:KS="Schema" vtui:flags="48"/>
</Folder>
<Folder name="Event" path="/home/vtbaadmin/Spry/Schema/Event">
<FolderProperties vt:lastDate="2010-06-04T12:35:08.823+08:00" vt:lastUser="vtbaadmin" vt:name="Event" vtui:BE="0ed76bd3-4600-4831-953e-e046d9aa9327" vtui:KS="Schema" vtui:flags="48"/>
<Model name="Untyped" path="/home/vtbaadmin/Spry/Schema/Event/Untyped">
<ModelProperties _modelType="schema.event" vt:lastDate="2010-06-04T12:35:09.090+08:00" vt:lastUser="vtbaadmin" vt:name="Untyped" vtui:BE="0ed76bd3-4600-4831-953e-e046d9aa9327" vtui:KS="Schema" vtui:category="Event" vtui:flags="16" vtui:lcStatus="Validated"/>
<ModelContent fileref="ModelContentFile23" name="variables"/>
</Model>
<Model name="EventSourceExceptionEvent" path="/home/vtbaadmin/Spry/Schema/Event/EventSourceExceptionEvent">
<ModelProperties _modelType="schema.event" vt:lastDate="2010-06-04T12:35:09.372+08:00" vt:lastUser="vtbaadmin" vt:name="EventSourceExceptionEvent" vtui:BE="0ed76bd3-4600-4831-953e-e046d9aa9327" vtui:KS="Schema" vtui:category="Event" vtui:flags="16" vtui:lcStatus="Validated"/>
<ModelContent fileref="ModelContentFile24" name="variables"/>
</Model>
<Model name="DiscussionEvent" path="/home/vtbaadmin/Spry/Schema/Event/DiscussionEvent">
<ModelProperties _modelType="schema.event" _tr__variables="{http://schema.vitria.com/model}EMFEventContext{XSDELEMENT};{http://www.spry.com/m3o}Discussion{XSDELEMENT}" schema.property.supportqualified="true" vt:lastDate="2010-06-04T13:26:11.017+08:00" vt:lastUser="vtbaadmin" vt:name="DiscussionEvent" vtui:BE="0ed76bd3-4600-4831-953e-e046d9aa9327" vtui:KS="Schema" vtui:category="Event" vtui:flags="27" vtui:lcStatus="Validated"/>
<ModelContent fileref="ModelContentFile25" name="variables"/>
<ModelContent fileref="ModelContentFile26" name="forms"/>
<ModelContent fileref="ModelContentFile27" name="groupfield"/>
</Model>
<Model name="ActionEvent" path="/home/vtbaadmin/Spry/Schema/Event/ActionEvent">
<ModelProperties _modelType="schema.event" _tr__variables="{http://www.spry.com/m3o}Action{XSDELEMENT};{http://www.spry.com/m3o}Message{XSDELEMENT};{http://schema.vitria.com/model}EMFEventContext{XSDELEMENT}" schema.property.supportqualified="true" vt:lastDate="2010-06-04T15:10:37.259+08:00" vt:lastUser="vtbaadmin" vt:name="ActionEvent" vtui:BE="0ed76bd3-4600-4831-953e-e046d9aa9327" vtui:KS="Schema" vtui:category="Event" vtui:flags="27" vtui:lcStatus="Validated"/>
<ModelContent fileref="ModelContentFile28" name="variables"/>
<ModelContent fileref="ModelContentFile29" name="forms"/>
<ModelContent fileref="ModelContentFile30" name="groupfield"/>
</Model>
</Folder>
<Folder name="Task" path="/home/vtbaadmin/Spry/Schema/Task">
<FolderProperties vt:lastDate="2010-06-04T12:35:09.419+08:00" vt:lastUser="vtbaadmin" vt:name="Task" vtui:BE="0ed76bd3-4600-4831-953e-e046d9aa9327" vtui:KS="Schema" vtui:flags="48"/>
</Folder>
<Folder name="Exception" path="/home/vtbaadmin/Spry/Schema/Exception">
<FolderProperties vt:lastDate="2010-06-04T12:35:09.451+08:00" vt:lastUser="vtbaadmin" vt:name="Exception" vtui:BE="0ed76bd3-4600-4831-953e-e046d9aa9327" vtui:KS="Schema" vtui:flags="48"/>
<Folder name="Vitria" path="/home/vtbaadmin/Spry/Schema/Exception/Vitria">
<FolderProperties vt:lastDate="2010-06-04T12:35:09.560+08:00" vt:lastUser="vtbaadmin" vt:name="Vitria" vtui:BE="0ed76bd3-4600-4831-953e-e046d9aa9327" vtui:KS="Schema" vtui:category="Exception" vtui:flags="32"/>
<Model name="Exception" path="/home/vtbaadmin/Spry/Schema/Exception/Vitria/Exception">
<ModelProperties _modelType="schema.exception" vt:lastDate="2010-06-04T12:35:09.811+08:00" vt:lastUser="vtbaadmin" vt:name="Exception" vtui:BE="0ed76bd3-4600-4831-953e-e046d9aa9327" vtui:KS="Schema" vtui:category="Exception" vtui:flags="32" vtui:lcStatus="Validated"/>
<ModelContent fileref="ModelContentFile31" name="flowchangedef"/>
</Model>
<Model name="BusinessException" path="/home/vtbaadmin/Spry/Schema/Exception/Vitria/BusinessException">
<ModelProperties _modelType="schema.exception" vt:lastDate="2010-06-04T12:35:10.172+08:00" vt:lastUser="vtbaadmin" vt:name="BusinessException" vtui:BE="0ed76bd3-4600-4831-953e-e046d9aa9327" vtui:KS="Schema" vtui:category="Exception" vtui:flags="32" vtui:lcStatus="Validated"/>
<ModelContent fileref="ModelContentFile32" name="flowchangedef"/>
</Model>
<Model name="SystemException" path="/home/vtbaadmin/Spry/Schema/Exception/Vitria/SystemException">
<ModelProperties _modelType="schema.exception" vt:lastDate="2010-06-04T12:35:10.470+08:00" vt:lastUser="vtbaadmin" vt:name="SystemException" vtui:BE="0ed76bd3-4600-4831-953e-e046d9aa9327" vtui:KS="Schema" vtui:category="Exception" vtui:flags="32" vtui:lcStatus="Validated"/>
<ModelContent fileref="ModelContentFile33" name="flowchangedef"/>
</Model>
<Model name="SQLException" path="/home/vtbaadmin/Spry/Schema/Exception/Vitria/SQLException">
<ModelProperties _modelType="schema.exception" vt:lastDate="2010-06-04T12:35:10.721+08:00" vt:lastUser="vtbaadmin" vt:name="SQLException" vtui:BE="0ed76bd3-4600-4831-953e-e046d9aa9327" vtui:KS="Schema" vtui:category="Exception" vtui:flags="32" vtui:lcStatus="Validated"/>
<ModelContent fileref="ModelContentFile34" name="flowchangedef"/>
</Model>
</Folder>
</Folder>
<Folder name="Compensation" path="/home/vtbaadmin/Spry/Schema/Compensation">
<FolderProperties vt:lastDate="2010-06-04T12:35:10.783+08:00" vt:lastUser="vtbaadmin" vt:name="Compensation" vtui:BE="0ed76bd3-4600-4831-953e-e046d9aa9327" vtui:KS="Schema" vtui:flags="48"/>
<Folder name="Vitria" path="/home/vtbaadmin/Spry/Schema/Compensation/Vitria">
<FolderProperties vt:lastDate="2010-06-04T12:35:10.815+08:00" vt:lastUser="vtbaadmin" vt:name="Vitria" vtui:BE="0ed76bd3-4600-4831-953e-e046d9aa9327" vtui:KS="Schema" vtui:category="Compensation" vtui:flags="32"/>
<Model name="Compensation" path="/home/vtbaadmin/Spry/Schema/Compensation/Vitria/Compensation">
<ModelProperties _modelType="schema.compensation" vt:lastDate="2010-06-04T12:35:11.081+08:00" vt:lastUser="vtbaadmin" vt:name="Compensation" vtui:BE="0ed76bd3-4600-4831-953e-e046d9aa9327" vtui:KS="Schema" vtui:category="Compensation" vtui:flags="32" vtui:lcStatus="Validated"/>
<ModelContent fileref="ModelContentFile35" name="flowchangedef"/>
</Model>
</Folder>
</Folder>
</KnowledgeSpace>
<KnowledgeSpace m3oversion="3.1.0.0" name="Resource" path="/home/vtbaadmin/Spry/Resource">
<KnowledgeSpaceProperties hasSandbox="true" releasable="true" vt:lastDate="2010-06-04T12:34:58.413+08:00" vt:lastUser="vtbaadmin" vt:name="Resource" vtui:flags="31" vtui:hidden="false"/>
<Folder name="DataSource" path="/home/vtbaadmin/Spry/Resource/DataSource">
<FolderProperties vt:lastDate="2010-06-04T12:35:11.207+08:00" vt:lastUser="vtbaadmin" vt:name="DataSource" vtui:BE="0ed76bd3-4600-4831-953e-e046d9aa9327" vtui:KS="Resource" vtui:flags="16"/>
<Model name="SPRY" path="/home/vtbaadmin/Spry/Resource/DataSource/SPRY">
<ModelProperties _modelType="Resource" datasource.type="JDBC" vt:lastDate="2010-06-04T15:30:26.689+08:00" vt:lastUser="vtbaadmin" vt:name="SPRY" vtui:BE="0ed76bd3-4600-4831-953e-e046d9aa9327" vtui:KS="Resource" vtui:category="DataSource" vtui:flags="31" vtui:lcStatus="Validated"/>
<ModelContent fileref="ModelContentFile36" name="dsConnection"/>
</Model>
</Folder>
</KnowledgeSpace>
<KnowledgeSpace m3oversion="3.1.0.0" name="EventPolicy" path="/home/vtbaadmin/Spry/EventPolicy">
<KnowledgeSpaceProperties hasSandbox="true" releasable="true" vt:lastDate="2010-06-04T12:34:58.507+08:00" vt:lastUser="vtbaadmin" vt:name="EventPolicy" vtui:flags="31" vtui:hidden="false"/>
</KnowledgeSpace>
<KnowledgeSpace m3oversion="3.1.0.0" name="EventSource" path="/home/vtbaadmin/Spry/EventSource">
<KnowledgeSpaceProperties hasSandbox="true" releasable="true" vt:lastDate="2010-06-04T12:34:59.824+08:00" vt:lastUser="vtbaadmin" vt:name="EventSource" vtui:flags="31" vtui:hidden="false"/>
<Folder name="File" path="/home/vtbaadmin/Spry/EventSource/File">
<FolderProperties vt:lastDate="2010-06-04T12:34:59.918+08:00" vt:lastUser="vtbaadmin" vt:name="File" vtui:BE="0ed76bd3-4600-4831-953e-e046d9aa9327" vtui:KS="EventSource" vtui:flags="16"/>
</Folder>
<Folder name="JMS" path="/home/vtbaadmin/Spry/EventSource/JMS">
<FolderProperties vt:lastDate="2010-06-04T12:34:59.996+08:00" vt:lastUser="vtbaadmin" vt:name="JMS" vtui:BE="0ed76bd3-4600-4831-953e-e046d9aa9327" vtui:KS="EventSource" vtui:flags="16"/>
</Folder>
<Folder name="REST" path="/home/vtbaadmin/Spry/EventSource/REST">
<FolderProperties vt:lastDate="2010-06-04T12:35:00.106+08:00" vt:lastUser="vtbaadmin" vt:name="REST" vtui:BE="0ed76bd3-4600-4831-953e-e046d9aa9327" vtui:KS="EventSource" vtui:flags="16"/>
</Folder>
<Folder name="Database" path="/home/vtbaadmin/Spry/EventSource/Database">
<FolderProperties vt:lastDate="2010-06-04T12:35:00.169+08:00" vt:lastUser="vtbaadmin" vt:name="Database" vtui:flags="31"/>
</Folder>
</KnowledgeSpace>
<KnowledgeSpace m3oversion="3.1.0.0" name="Feed" path="/home/vtbaadmin/Spry/Feed">
<KnowledgeSpaceProperties hasSandbox="true" releasable="true" vt:lastDate="2010-06-04T12:35:00.310+08:00" vt:lastUser="vtbaadmin" vt:name="Feed" vtui:flags="31" vtui:hidden="false"/>
<Folder name="Feed" path="/home/vtbaadmin/Spry/Feed/Feed">
<FolderProperties vt:lastDate="2010-06-04T12:35:11.567+08:00" vt:lastUser="vtbaadmin" vt:name="Feed" vtui:BE="0ed76bd3-4600-4831-953e-e046d9aa9327" vtui:KS="Feed" vtui:flags="16"/>
<Model name="EventSourceExceptionFeed" path="/home/vtbaadmin/Spry/Feed/Feed/EventSourceExceptionFeed">
<ModelProperties vt:lastDate="2010-06-04T12:35:11.849+08:00" vt:lastUser="vtbaadmin" vt:name="EventSourceExceptionFeed" vtui:BE="0ed76bd3-4600-4831-953e-e046d9aa9327" vtui:KS="Feed" vtui:category="Feed" vtui:event="EventSourceExceptionEvent" vtui:eventArchive="NONE" vtui:feedState="NONE" vtui:flags="16" vtui:historic="false" vtui:kind="LOCAL" vtui:lcStatus="Validated" vtui:outbound="NONE"/>
<ModelContent fileref="ModelContentFile37" name="feed.definition"/>
</Model>
<Model name="DiscussionSourceFeed" path="/home/vtbaadmin/Spry/Feed/Feed/DiscussionSourceFeed">
<ModelProperties _modelType="Feed" vt:lastDate="2010-06-04T13:21:14.701+08:00" vt:lastUser="vtbaadmin" vt:name="DiscussionSourceFeed" vtui:BE="0ed76bd3-4600-4831-953e-e046d9aa9327" vtui:KS="Feed" vtui:category="Feed" vtui:event="DiscussionEvent" vtui:eventArchive="NONE" vtui:feedState="NONE" vtui:flags="31" vtui:historic="false" vtui:kind="LOCAL" vtui:lcStatus="Validated" vtui:outbound="NONE"/>
<ModelContent fileref="ModelContentFile38" name="feed.definition"/>
</Model>
<Model name="DiscussionJudgeFeed" path="/home/vtbaadmin/Spry/Feed/Feed/DiscussionJudgeFeed">
<ModelProperties _modelType="Feed" vt:lastDate="2010-06-04T13:25:15.551+08:00" vt:lastUser="vtbaadmin" vt:name="DiscussionJudgeFeed" vtui:BE="0ed76bd3-4600-4831-953e-e046d9aa9327" vtui:KS="Feed" vtui:category="Feed" vtui:event="DiscussionEvent" vtui:eventArchive="NONE" vtui:feedState="NONE" vtui:flags="31" vtui:historic="false" vtui:kind="LOCAL" vtui:lcStatus="Validated" vtui:outbound="NONE"/>
<ModelContent fileref="ModelContentFile39" name="feed.definition"/>
</Model>
<Model name="DiscussionExistNotifyFeed" path="/home/vtbaadmin/Spry/Feed/Feed/DiscussionExistNotifyFeed">
<ModelProperties _modelType="Feed" vt:lastDate="2010-06-04T13:33:00.442+08:00" vt:lastUser="vtbaadmin" vt:name="DiscussionExistNotifyFeed" vtui:BE="0ed76bd3-4600-4831-953e-e046d9aa9327" vtui:KS="Feed" vtui:category="Feed" vtui:event="DiscussionEvent" vtui:eventArchive="NONE" vtui:feedState="NONE" vtui:flags="31" vtui:historic="false" vtui:kind="LOCAL" vtui:lcStatus="Validated" vtui:outbound="NONE"/>
<ModelContent fileref="ModelContentFile40" name="feed.definition"/>
</Model>
<Model name="DiscussionNewMessageFeed" path="/home/vtbaadmin/Spry/Feed/Feed/DiscussionNewMessageFeed">
<ModelProperties _modelType="Feed" vt:lastDate="2010-06-04T13:33:16.796+08:00" vt:lastUser="vtbaadmin" vt:name="DiscussionNewMessageFeed" vtui:BE="0ed76bd3-4600-4831-953e-e046d9aa9327" vtui:KS="Feed" vtui:category="Feed" vtui:event="DiscussionEvent" vtui:eventArchive="NONE" vtui:feedState="NONE" vtui:flags="31" vtui:historic="false" vtui:kind="LOCAL" vtui:lcStatus="Validated" vtui:outbound="NONE"/>
<ModelContent fileref="ModelContentFile41" name="feed.definition"/>
</Model>
<Model name="DiscussionCloseNotifyFeed" path="/home/vtbaadmin/Spry/Feed/Feed/DiscussionCloseNotifyFeed">
<ModelProperties _modelType="Feed" vt:lastDate="2010-06-04T13:42:38.146+08:00" vt:lastUser="vtbaadmin" vt:name="DiscussionCloseNotifyFeed" vtui:BE="0ed76bd3-4600-4831-953e-e046d9aa9327" vtui:KS="Feed" vtui:category="Feed" vtui:event="DiscussionEvent" vtui:eventArchive="NONE" vtui:feedState="NONE" vtui:flags="31" vtui:historic="false" vtui:kind="LOCAL" vtui:lcStatus="Validated" vtui:outbound="NONE"/>
<ModelContent fileref="ModelContentFile42" name="feed.definition"/>
</Model>
<Model name="DiscussionActionFeed" path="/home/vtbaadmin/Spry/Feed/Feed/DiscussionActionFeed">
<ModelProperties _modelType="Feed" vt:lastDate="2010-06-04T13:55:25.761+08:00" vt:lastUser="vtbaadmin" vt:name="DiscussionActionFeed" vtui:BE="0ed76bd3-4600-4831-953e-e046d9aa9327" vtui:KS="Feed" vtui:category="Feed" vtui:event="ActionEvent" vtui:eventArchive="NONE" vtui:feedState="NONE" vtui:flags="31" vtui:historic="false" vtui:kind="LOCAL" vtui:lcStatus="Validated" vtui:outbound="NONE"/>
<ModelContent fileref="ModelContentFile43" name="feed.definition"/>
</Model>
</Folder>
</KnowledgeSpace>
<KnowledgeSpace m3oversion="3.1.0.0" name="Workgroup" path="/home/vtbaadmin/Spry/Workgroup">
<KnowledgeSpaceProperties hasSandbox="false" releasable="false" vt:lastDate="2010-06-04T12:34:58.225+08:00" vt:lastUser="vtbaadmin" vt:name="Workgroup" vtui:flags="31" vtui:hidden="false"/>
<Model name="groupA" path="/home/vtbaadmin/Spry/Workgroup/groupA">
<ModelProperties vt:lastDate="2010-06-04T14:55:06.551+08:00" vt:lastUser="vtbaadmin" vt:name="groupA"/>
<ModelContent fileref="ModelContentFile44" name="workgroup"/>
</Model>
<Model name="otherGroup" path="/home/vtbaadmin/Spry/Workgroup/otherGroup">
<ModelProperties vt:lastDate="2010-06-04T14:55:15.135+08:00" vt:lastUser="vtbaadmin" vt:name="otherGroup"/>
<ModelContent fileref="ModelContentFile45" name="workgroup"/>
</Model>
</KnowledgeSpace>
<KnowledgeSpace m3oversion="3.1.0.0" name="Server" path="/home/vtbaadmin/Spry/Server">
<KnowledgeSpaceProperties hasSandbox="true" releasable="false" vt:lastDate="2010-06-04T12:34:58.852+08:00" vt:lastUser="vtbaadmin" vt:name="Server" vtui:flags="31" vtui:hidden="false"/>
<Folder name="M3O" path="/home/vtbaadmin/Spry/Server/M3O">
<FolderProperties vt:lastDate="2010-06-04T12:34:59.024+08:00" vt:lastUser="vtbaadmin" vt:name="M3O" vtui:BE="0ed76bd3-4600-4831-953e-e046d9aa9327" vtui:KS="Server" vtui:flags="16"/>
<Model name="Deployment" path="/home/vtbaadmin/Spry/Server/M3O/Deployment">
<ModelProperties isSandbox="true" vt:lastDate="2010-06-04T15:30:30.762+08:00" vt:lastUser="vtbaadmin" vt:name="Deployment" vtui:BE="0ed76bd3-4600-4831-953e-e046d9aa9327" vtui:KS="Server" vtui:category="M3O" vtui:flags="18" vtui:lcStatus="Validated"/>
<ModelContent fileref="ModelContentFile46" name="workgroups"/>
<ModelContent fileref="ModelContentFile47" name="serverConfig"/>
</Model>
</Folder>
</KnowledgeSpace>
<KnowledgeSpace m3oversion="3.1.0.0" name="Workbench" path="/home/vtbaadmin/Spry/Workbench">
<KnowledgeSpaceProperties hasSandbox="true" releasable="true" vt:lastDate="2010-06-04T15:30:30.715+08:00" vt:lastUser="vtbaadmin" vt:name="Workbench" vtui:flags="31" vtui:hidden="false" vtui:prjUUID="0ed76bd3-4600-4831-953e-e046d9aa9327"/>
<Folder name="Schemas" path="/home/vtbaadmin/Spry/Workbench/Schemas">
<FolderProperties vt:lastDate="2010-06-04T15:30:30.715+08:00" vt:lastUser="vtbaadmin" vt:name="Schemas" vtui:BE="0ed76bd3-4600-4831-953e-e046d9aa9327" vtui:KS="Workbench" vtui:flags="31"/>
<Model name="SPRY_DISCUSS_MESSAGE" path="/home/vtbaadmin/Spry/Workbench/Schemas/SPRY_DISCUSS_MESSAGE">
<ModelProperties CONNECTION_TYPE="M3ODS" _modelType="dbschema" vt:lastDate="2010-06-04T15:30:30.370+08:00" vt:lastUser="vtbaadmin" vt:name="SPRY_DISCUSS_MESSAGE" vtui:BE="0ed76bd3-4600-4831-953e-e046d9aa9327" vtui:KS="Workbench" vtui:category="DBSchema" vtui:flags="31" vtui:lcStatus="Validated"/>
<ModelContent fileref="ModelContentFile48" name="schemaModel"/>
</Model>
<Model name="SPRY_DISCUSSION" path="/home/vtbaadmin/Spry/Workbench/Schemas/SPRY_DISCUSSION">
<ModelProperties CONNECTION_TYPE="M3ODS" _modelType="dbschema" vt:lastDate="2010-06-04T15:30:30.386+08:00" vt:lastUser="vtbaadmin" vt:name="SPRY_DISCUSSION" vtui:BE="0ed76bd3-4600-4831-953e-e046d9aa9327" vtui:KS="Workbench" vtui:category="DBSchema" vtui:flags="31" vtui:lcStatus="Validated"/>
<ModelContent fileref="ModelContentFile49" name="schemaModel"/>
</Model>
<Model name="SPRY_DISCUSS_ACTDATE" path="/home/vtbaadmin/Spry/Workbench/Schemas/SPRY_DISCUSS_ACTDATE">
<ModelProperties CONNECTION_TYPE="M3ODS" _modelType="dbschema" vt:lastDate="2010-06-04T15:30:30.417+08:00" vt:lastUser="vtbaadmin" vt:name="SPRY_DISCUSS_ACTDATE" vtui:BE="0ed76bd3-4600-4831-953e-e046d9aa9327" vtui:KS="Workbench" vtui:category="DBSchema" vtui:flags="31" vtui:lcStatus="Validated"/>
<ModelContent fileref="ModelContentFile50" name="schemaModel"/>
</Model>
<Model name="SPRY_DISCUSS_ACTION" path="/home/vtbaadmin/Spry/Workbench/Schemas/SPRY_DISCUSS_ACTION">
<ModelProperties CONNECTION_TYPE="M3ODS" _modelType="dbschema" vt:lastDate="2010-06-04T15:30:30.433+08:00" vt:lastUser="vtbaadmin" vt:name="SPRY_DISCUSS_ACTION" vtui:BE="0ed76bd3-4600-4831-953e-e046d9aa9327" vtui:KS="Workbench" vtui:category="DBSchema" vtui:flags="31" vtui:lcStatus="Validated"/>
<ModelContent fileref="ModelContentFile51" name="schemaModel"/>
</Model>
<Model name="SPRY_DISCUSS_CATEGORY" path="/home/vtbaadmin/Spry/Workbench/Schemas/SPRY_DISCUSS_CATEGORY">
<ModelProperties CONNECTION_TYPE="M3ODS" _modelType="dbschema" vt:lastDate="2010-06-04T15:30:30.449+08:00" vt:lastUser="vtbaadmin" vt:name="SPRY_DISCUSS_CATEGORY" vtui:BE="0ed76bd3-4600-4831-953e-e046d9aa9327" vtui:KS="Workbench" vtui:category="DBSchema" vtui:flags="31" vtui:lcStatus="Validated"/>
<ModelContent fileref="ModelContentFile52" name="schemaModel"/>
</Model>
<Model name="SPRY_DISCUSS_ESCALATION" path="/home/vtbaadmin/Spry/Workbench/Schemas/SPRY_DISCUSS_ESCALATION">
<ModelProperties CONNECTION_TYPE="M3ODS" _modelType="dbschema" vt:lastDate="2010-06-04T15:30:30.464+08:00" vt:lastUser="vtbaadmin" vt:name="SPRY_DISCUSS_ESCALATION" vtui:BE="0ed76bd3-4600-4831-953e-e046d9aa9327" vtui:KS="Workbench" vtui:category="DBSchema" vtui:flags="31" vtui:lcStatus="Validated"/>
<ModelContent fileref="ModelContentFile53" name="schemaModel"/>
</Model>
<Model name="SPRY_DISCUSS_RISK" path="/home/vtbaadmin/Spry/Workbench/Schemas/SPRY_DISCUSS_RISK">
<ModelProperties CONNECTION_TYPE="M3ODS" _modelType="dbschema" vt:lastDate="2010-06-04T15:30:30.480+08:00" vt:lastUser="vtbaadmin" vt:name="SPRY_DISCUSS_RISK" vtui:BE="0ed76bd3-4600-4831-953e-e046d9aa9327" vtui:KS="Workbench" vtui:category="DBSchema" vtui:flags="31" vtui:lcStatus="Validated"/>
<ModelContent fileref="ModelContentFile54" name="schemaModel"/>
</Model>
<Model name="SPRY_DISCUSS_TAG" path="/home/vtbaadmin/Spry/Workbench/Schemas/SPRY_DISCUSS_TAG">
<ModelProperties CONNECTION_TYPE="M3ODS" _modelType="dbschema" vt:lastDate="2010-06-04T15:30:30.511+08:00" vt:lastUser="vtbaadmin" vt:name="SPRY_DISCUSS_TAG" vtui:BE="0ed76bd3-4600-4831-953e-e046d9aa9327" vtui:KS="Workbench" vtui:category="DBSchema" vtui:flags="31" vtui:lcStatus="Validated"/>
<ModelContent fileref="ModelContentFile55" name="schemaModel"/>
</Model>
<Model name="SPRY_TASK" path="/home/vtbaadmin/Spry/Workbench/Schemas/SPRY_TASK">
<ModelProperties CONNECTION_TYPE="M3ODS" _modelType="dbschema" vt:lastDate="2010-06-04T15:30:30.558+08:00" vt:lastUser="vtbaadmin" vt:name="SPRY_TASK" vtui:BE="0ed76bd3-4600-4831-953e-e046d9aa9327" vtui:KS="Workbench" vtui:category="DBSchema" vtui:flags="31" vtui:lcStatus="Validated"/>
<ModelContent fileref="ModelContentFile56" name="schemaModel"/>
</Model>
</Folder>
<Folder name="Pages" path="/home/vtbaadmin/Spry/Workbench/Pages">
<FolderProperties vt:lastDate="2010-06-04T15:30:30.715+08:00" vt:lastUser="vtbaadmin" vt:name="Pages" vtui:BE="0ed76bd3-4600-4831-953e-e046d9aa9327" vtui:KS="Workbench" vtui:flags="31"/>
<Model name="Dashboard" path="/home/vtbaadmin/Spry/Workbench/Pages/Dashboard">
<ModelProperties _modelType="page" embed="false" refresh="true" vt:lastDate="2010-06-04T15:30:30.574+08:00" vt:lastUser="vtbaadmin" vt:name="Dashboard" vtui:BE="0ed76bd3-4600-4831-953e-e046d9aa9327" vtui:KS="Workbench" vtui:category="Page" vtui:flags="31" vtui:lcStatus="Draft"/>
<ModelContent fileref="ModelContentFile57" name="pageModel"/>
</Model>
<Model name="ConditionalMacro" path="/home/vtbaadmin/Spry/Workbench/Pages/ConditionalMacro">
<ModelProperties _modelType="page" embed="true" refresh="true" vt:lastDate="2010-06-04T15:30:29.007+08:00" vt:lastUser="vtbaadmin" vt:name="ConditionalMacro" vtui:BE="0ed76bd3-4600-4831-953e-e046d9aa9327" vtui:KS="Workbench" vtui:category="Page" vtui:flags="31" vtui:lcStatus="Draft"/>
<ModelContent fileref="ModelContentFile58" name="pageModel"/>
</Model>
<Model name="OpenDiscussions" path="/home/vtbaadmin/Spry/Workbench/Pages/OpenDiscussions">
<ModelProperties _modelType="page" embed="false" refresh="true" vt:lastDate="2010-06-04T15:30:30.652+08:00" vt:lastUser="vtbaadmin" vt:name="OpenDiscussions" vtui:BE="0ed76bd3-4600-4831-953e-e046d9aa9327" vtui:KS="Workbench" vtui:category="Page" vtui:flags="31" vtui:lcStatus="Draft"/>
<ModelContent fileref="ModelContentFile59" name="pageModel"/>
</Model>
<Model name="DiscussionHistory" path="/home/vtbaadmin/Spry/Workbench/Pages/DiscussionHistory">
<ModelProperties _modelType="page" vt:lastDate="2010-06-04T15:30:29.258+08:00" vt:lastUser="vtbaadmin" vt:name="DiscussionHistory" vtui:BE="0ed76bd3-4600-4831-953e-e046d9aa9327" vtui:KS="Workbench" vtui:category="Page" vtui:flags="31"/>
</Model>
<Model name="RecentlyClosedDiscussion" path="/home/vtbaadmin/Spry/Workbench/Pages/RecentlyClosedDiscussion">
<ModelProperties _modelType="page" vt:lastDate="2010-06-04T15:30:29.336+08:00" vt:lastUser="vtbaadmin" vt:name="RecentlyClosedDiscussion" vtui:BE="0ed76bd3-4600-4831-953e-e046d9aa9327" vtui:KS="Workbench" vtui:category="Page" vtui:flags="31"/>
</Model>
</Folder>
<Folder name="Queries" path="/home/vtbaadmin/Spry/Workbench/Queries">
<FolderProperties vt:lastDate="2010-06-04T15:30:30.715+08:00" vt:lastUser="vtbaadmin" vt:name="Queries" vtui:BE="0ed76bd3-4600-4831-953e-e046d9aa9327" vtui:KS="Workbench" vtui:flags="31"/>
<Model name="DiscussionCountByCategory" path="/home/vtbaadmin/Spry/Workbench/Queries/DiscussionCountByCategory">
<ModelProperties _modelType="dbquery" vt:lastDate="2010-06-04T15:30:30.668+08:00" vt:lastUser="vtbaadmin" vt:name="DiscussionCountByCategory" vtui:BE="0ed76bd3-4600-4831-953e-e046d9aa9327" vtui:KS="Workbench" vtui:category="DBQ" vtui:flags="31" vtui:lcStatus="Validated"/>
<ModelContent fileref="ModelContentFile60" name="sourceModel"/>
<ModelContent fileref="ModelContentFile61" name="widgetModel"/>
<ModelContent fileref="ModelContentFile62" name="executeModel"/>
</Model>
<Model name="DiscussionCountByRisk" path="/home/vtbaadmin/Spry/Workbench/Queries/DiscussionCountByRisk">
<ModelProperties _modelType="dbquery" vt:lastDate="2010-06-04T15:30:30.684+08:00" vt:lastUser="vtbaadmin" vt:name="DiscussionCountByRisk" vtui:BE="0ed76bd3-4600-4831-953e-e046d9aa9327" vtui:KS="Workbench" vtui:category="DBQ" vtui:flags="31" vtui:lcStatus="Validated"/>
<ModelContent fileref="ModelContentFile63" name="sourceModel"/>
<ModelContent fileref="ModelContentFile64" name="widgetModel"/>
<ModelContent fileref="ModelContentFile65" name="executeModel"/>
</Model>
<Model name="DiscussionCountByRiskReason" path="/home/vtbaadmin/Spry/Workbench/Queries/DiscussionCountByRiskReason">
<ModelProperties _modelType="dbquery" vt:lastDate="2010-06-04T15:30:30.715+08:00" vt:lastUser="vtbaadmin" vt:name="DiscussionCountByRiskReason" vtui:BE="0ed76bd3-4600-4831-953e-e046d9aa9327" vtui:KS="Workbench" vtui:category="DBQ" vtui:flags="31" vtui:lcStatus="Validated"/>
<ModelContent fileref="ModelContentFile66" name="sourceModel"/>
<ModelContent fileref="ModelContentFile67" name="widgetModel"/>
<ModelContent fileref="ModelContentFile68" name="executeModel"/>
</Model>
</Folder>
<Folder name="Forms" path="/home/vtbaadmin/Spry/Workbench/Forms">
<FolderProperties vt:lastDate="2010-06-04T15:30:30.731+08:00" vt:lastUser="vtbaadmin" vt:name="Forms" vtui:BE="0ed76bd3-4600-4831-953e-e046d9aa9327" vtui:KS="Workbench" vtui:flags="31"/>
</Folder>
</KnowledgeSpace>
</BusinessEnvironment>
<References exportRef="false">
<Reference from="/home/vtbaadmin/Spry/Process/BasicCollaboration" name="_mr__bpmn__5" to="/home/vtbaadmin/Spry/Feed/Feed/DiscussionSourceFeed"/>
<Reference from="/home/vtbaadmin/Spry/Process/BasicCollaboration" name="_mr__bpmn__2" to="/home/vtbaadmin/Spry/Feed/Feed/DiscussionJudgeFeed"/>
<Reference from="/home/vtbaadmin/Spry/Process/BasicCollaboration" name="_mr__bpmn" to="/home/vtbaadmin/Spry/Process/BasicCollaboration"/>
<Reference from="/home/vtbaadmin/Spry/Process/BasicCollaboration" name="_mr____ESREF" to="/home/vtbaadmin/Spry/Schema/Event/DiscussionEvent"/>
<Reference from="/home/vtbaadmin/Spry/Process/System" name="_mr__bpmn__2" to="/home/vtbaadmin/Spry/Feed/Feed/DiscussionExistNotifyFeed"/>
<Reference from="/home/vtbaadmin/Spry/Process/System" name="_mr__bpmn" to="/home/vtbaadmin/Spry/Process/System"/>
<Reference from="/home/vtbaadmin/Spry/Process/System" name="_mr__bpmn__3" to="/home/vtbaadmin/Spry/Feed/Feed/DiscussionNewMessageFeed"/>
<Reference from="/home/vtbaadmin/Spry/Process/System" name="_mr__bpmn__1" to="/home/vtbaadmin/Spry/Feed/Feed/DiscussionJudgeFeed"/>
<Reference from="/home/vtbaadmin/Spry/Process/System" name="_mr____ESREF" to="/home/vtbaadmin/Spry/Schema/Event/DiscussionEvent"/>
<Reference from="/home/vtbaadmin/Spry/Process/Facilitator" name="_mr__bpmn__2" to="/home/vtbaadmin/Spry/Feed/Feed/DiscussionActionFeed"/>
<Reference from="/home/vtbaadmin/Spry/Process/Facilitator" name="_mr__bpmn" to="/home/vtbaadmin/Spry/Process/Facilitator"/>
<Reference from="/home/vtbaadmin/Spry/Process/Facilitator" name="_mr__bpmn__3" to="/home/vtbaadmin/Spry/Feed/Feed/DiscussionNewMessageFeed"/>
<Reference from="/home/vtbaadmin/Spry/Process/Facilitator" name="_mr__bpmn__1" to="/home/vtbaadmin/Spry/Feed/Feed/DiscussionCloseNotifyFeed"/>
<Reference from="/home/vtbaadmin/Spry/Process/Facilitator" name="_mr____ESREF" to="/home/vtbaadmin/Spry/Schema/Event/DiscussionEvent"/>
<Reference from="/home/vtbaadmin/Spry/Schema/Event/EventSourceExceptionEvent" name="_mr__variables__EMFEventHeader" to="/home/vtbaadmin/Spry/Schema/Document/Vitria/EMFEventHeader"/>
<Reference from="/home/vtbaadmin/Spry/Schema/Exception/Vitria/BusinessException" name="_mr__parent" to="/home/vtbaadmin/Spry/Schema/Exception/Vitria/Exception"/>
<Reference from="/home/vtbaadmin/Spry/Schema/Exception/Vitria/SystemException" name="_mr__parent" to="/home/vtbaadmin/Spry/Schema/Exception/Vitria/Exception"/>
<Reference from="/home/vtbaadmin/Spry/Schema/Exception/Vitria/SQLException" name="_mr__parent" to="/home/vtbaadmin/Spry/Schema/Exception/Vitria/SystemException"/>
<Reference from="/home/vtbaadmin/Spry/Feed/Feed/EventSourceExceptionFeed" name="_mr____ESREF" to="/home/vtbaadmin/Spry/Schema/Event/EventSourceExceptionEvent"/>
<Reference from="/home/vtbaadmin/Spry/Feed/Feed/DiscussionSourceFeed" name="_mr____ESREF" to="/home/vtbaadmin/Spry/Schema/Event/DiscussionEvent"/>
<Reference from="/home/vtbaadmin/Spry/Feed/Feed/DiscussionJudgeFeed" name="_mr____ESREF" to="/home/vtbaadmin/Spry/Schema/Event/DiscussionEvent"/>
<Reference from="/home/vtbaadmin/Spry/Feed/Feed/DiscussionExistNotifyFeed" name="_mr____ESREF" to="/home/vtbaadmin/Spry/Schema/Event/DiscussionEvent"/>
<Reference from="/home/vtbaadmin/Spry/Feed/Feed/DiscussionNewMessageFeed" name="_mr____ESREF" to="/home/vtbaadmin/Spry/Schema/Event/DiscussionEvent"/>
<Reference from="/home/vtbaadmin/Spry/Feed/Feed/DiscussionCloseNotifyFeed" name="_mr____ESREF" to="/home/vtbaadmin/Spry/Schema/Event/DiscussionEvent"/>
<Reference from="/home/vtbaadmin/Spry/Feed/Feed/DiscussionActionFeed" name="_mr____ESREF" to="/home/vtbaadmin/Spry/Schema/Event/ActionEvent"/>
<Reference from="/home/vtbaadmin/Spry/Workbench/Schemas/SPRY_DISCUSS_MESSAGE" name="m3ods" to="/home/vtbaadmin/Spry/Resource/DataSource/SPRY"/>
<Reference from="/home/vtbaadmin/Spry/Workbench/Schemas/SPRY_DISCUSSION" name="m3ods" to="/home/vtbaadmin/Spry/Resource/DataSource/SPRY"/>
<Reference from="/home/vtbaadmin/Spry/Workbench/Schemas/SPRY_DISCUSS_ACTDATE" name="m3ods" to="/home/vtbaadmin/Spry/Resource/DataSource/SPRY"/>
<Reference from="/home/vtbaadmin/Spry/Workbench/Schemas/SPRY_DISCUSS_ACTION" name="m3ods" to="/home/vtbaadmin/Spry/Resource/DataSource/SPRY"/>
<Reference from="/home/vtbaadmin/Spry/Workbench/Schemas/SPRY_DISCUSS_CATEGORY" name="m3ods" to="/home/vtbaadmin/Spry/Resource/DataSource/SPRY"/>
<Reference from="/home/vtbaadmin/Spry/Workbench/Schemas/SPRY_DISCUSS_ESCALATION" name="m3ods" to="/home/vtbaadmin/Spry/Resource/DataSource/SPRY"/>
<Reference from="/home/vtbaadmin/Spry/Workbench/Schemas/SPRY_DISCUSS_RISK" name="m3ods" to="/home/vtbaadmin/Spry/Resource/DataSource/SPRY"/>
<Reference from="/home/vtbaadmin/Spry/Workbench/Schemas/SPRY_DISCUSS_TAG" name="m3ods" to="/home/vtbaadmin/Spry/Resource/DataSource/SPRY"/>
<Reference from="/home/vtbaadmin/Spry/Workbench/Schemas/SPRY_TASK" name="m3ods" to="/home/vtbaadmin/Spry/Resource/DataSource/SPRY"/>
<Reference from="/home/vtbaadmin/Spry/Workbench/Pages/Dashboard" name="ConditionalMacro" to="/home/vtbaadmin/Spry/Workbench/Pages/ConditionalMacro"/>
<Reference from="/home/vtbaadmin/Spry/Workbench/Pages/OpenDiscussions" name="AllCategories" to="/home/vtbaadmin/Spry/Workbench/Queries/DiscussionCountByCategory"/>
<Reference from="/home/vtbaadmin/Spry/Workbench/Queries/DiscussionCountByCategory" name="SPRY_DISCUSS_CATEGORY" to="/home/vtbaadmin/Spry/Workbench/Schemas/SPRY_DISCUSS_CATEGORY"/>
<Reference from="/home/vtbaadmin/Spry/Workbench/Queries/DiscussionCountByRisk" name="SPRY_DISCUSSION" to="/home/vtbaadmin/Spry/Workbench/Schemas/SPRY_DISCUSSION"/>
<Reference from="/home/vtbaadmin/Spry/Workbench/Queries/DiscussionCountByRiskReason" name="SPRY_DISCUSS_RISK" to="/home/vtbaadmin/Spry/Workbench/Schemas/SPRY_DISCUSS_RISK"/>
</References>
</ModelRepository>
