<?xml version="1.0" encoding="UTF-8"?>
<ModelRepository xmlns:vt="http://com.vitria.modeling.repository/persistent" xmlns:vtadm="http://com.vitria.modeling.repository/tenant/admin" xmlns:vti="http://com.vitria.modeling.repository/internal" xmlns:vtui="http://m3oui.vitria.com" xmlns:vtuser="http://com.vitria.modeling.repository/tenant/user" m3oversion="3.1.0.0">
<BusinessEnvironment name="/home/vtbaadmin/SPRYV2" path="/home/vtbaadmin/SPRYV2">
<BusinessEnvironmentProperties vt:lastDate="2010-06-05T14:46:51.774+08:00" vt:lastUser="vtbaadmin" vt:logicalpath="/home/vtbaadmin/SPRYV2" vt:name="SPRYV2" vtui:flags="31" vtui:hidden="false"/>
<KnowledgeSpace m3oversion="3.1.0.0" name="Schema" path="/home/vtbaadmin/SPRYV2/Schema">
<KnowledgeSpaceProperties hasSandbox="true" releasable="true" vt:lastDate="2010-06-05T14:46:45.711+08:00" vt:lastUser="vtbaadmin" vt:name="Schema" vtui:flags="31" vtui:hidden="false"/>
<Folder name="Event" path="/home/vtbaadmin/SPRYV2/Schema/Event">
<FolderProperties vt:lastDate="2010-06-05T14:46:50.758+08:00" vt:lastUser="vtbaadmin" vt:name="Event" vtui:BE="6fbcd93c-6f29-4002-897e-41ef185b5e6a" vtui:KS="Schema" vtui:flags="48"/>
<Model name="ActionEvent" path="/home/vtbaadmin/SPRYV2/Schema/Event/ActionEvent">
<ModelProperties _modelType="schema.event" _tr__variables="{http://www.spry.com/m3o}Message{XSDELEMENT};{http://www.spry.com/m3o}Task{XSDELEMENT};{http://schema.vitria.com/model}EMFEventContext{XSDELEMENT};{http://www.spry.com/m3o}Action{XSDELEMENT};{http://www.spry.com/m3o}Discussion{XSDELEMENT}" schema.property.supportqualified="true" vt:lastDate="2010-06-05T14:52:25.773+08:00" vt:lastUser="vtbaadmin" vt:name="ActionEvent" vtui:BE="6fbcd93c-6f29-4002-897e-41ef185b5e6a" vtui:KS="Schema" vtui:category="Event" vtui:flags="27" vtui:lcStatus="Validated"/>
<ModelContent fileref="ModelContentFile0" name="variables"/>
<ModelContent fileref="ModelContentFile1" name="forms"/>
<ModelContent fileref="ModelContentFile2" name="groupfield"/>
</Model>
</Folder>
</KnowledgeSpace>
<KnowledgeSpace m3oversion="3.1.0.0" name="Feed" path="/home/vtbaadmin/SPRYV2/Feed">
<KnowledgeSpaceProperties hasSandbox="true" releasable="true" vt:lastDate="2010-06-05T14:46:46.696+08:00" vt:lastUser="vtbaadmin" vt:name="Feed" vtui:flags="31" vtui:hidden="false"/>
<Folder name="Feed" path="/home/vtbaadmin/SPRYV2/Feed/Feed">
<FolderProperties vt:lastDate="2010-06-05T14:46:51.696+08:00" vt:lastUser="vtbaadmin" vt:name="Feed" vtui:BE="6fbcd93c-6f29-4002-897e-41ef185b5e6a" vtui:KS="Feed" vtui:flags="16"/>
<Model name="ActionFeed" path="/home/vtbaadmin/SPRYV2/Feed/Feed/ActionFeed">
<ModelProperties _modelType="Feed" vt:lastDate="2010-06-05T14:53:40.257+08:00" vt:lastUser="vtbaadmin" vt:name="ActionFeed" vtui:BE="6fbcd93c-6f29-4002-897e-41ef185b5e6a" vtui:KS="Feed" vtui:category="Feed" vtui:event="ActionEvent" vtui:eventArchive="NONE" vtui:feedState="NONE" vtui:flags="31" vtui:historic="false" vtui:kind="LOCAL" vtui:lcStatus="Validated" vtui:outbound="NONE"/>
<ModelContent fileref="ModelContentFile3" name="feed.definition"/>
</Model>
<Model name="DiscussionInitFeed" path="/home/vtbaadmin/SPRYV2/Feed/Feed/DiscussionInitFeed">
<ModelProperties _modelType="Feed" vt:lastDate="2010-06-05T14:54:06.491+08:00" vt:lastUser="vtbaadmin" vt:name="DiscussionInitFeed" vtui:BE="6fbcd93c-6f29-4002-897e-41ef185b5e6a" vtui:KS="Feed" vtui:category="Feed" vtui:event="ActionEvent" vtui:eventArchive="NONE" vtui:feedState="NONE" vtui:flags="31" vtui:historic="false" vtui:kind="LOCAL" vtui:lcStatus="Validated" vtui:outbound="NONE"/>
<ModelContent fileref="ModelContentFile4" name="feed.definition"/>
</Model>
</Folder>
</KnowledgeSpace>
</BusinessEnvironment>
<References exportRef="true">
<Reference from="/home/vtbaadmin/SPRYV2/Feed/Feed/ActionFeed" name="_mr____ESREF" to="/home/vtbaadmin/SPRYV2/Schema/Event/ActionEvent"/>
<Reference from="/home/vtbaadmin/SPRYV2/Feed/Feed/DiscussionInitFeed" name="_mr____ESREF" to="/home/vtbaadmin/SPRYV2/Schema/Event/ActionEvent"/>
</References>
</ModelRepository>
